Query,Result,Found_Count,Found_Dns
https://www.google.bi/search?q=inurl%3Ahjwy0817.com+OR+inurl%3Ajsyjqh.com+OR+inurl%3Aln-angel.com+OR+inurl%3Adibangjg.com+OR+inurl%3Alzfclsxyw.com+OR+inurl%3Ayiyd66.com+OR+inurl%3Ahuichiyes.com&tbm=nws,Not Found,0,
https://www.google.bi/search?q=inurl%3Acnvgr.net+OR+inurl%3Aziyouxia.net+OR+inurl%3Adgysc.net+OR+inurl%3A0898yy.net+OR+inurl%3Acn-sdzs.org+OR+inurl%3Ayaoblog.org&tbm=nws,Not Found,0,
https://www.google.bf/search?q=inurl%3Afuhrerschein24.com+OR+inurl%3Afuhrerschein-germany.com+OR+inurl%3Aoceancargoworld.com+OR+inurl%3Alaowangmaigua.com+OR+inurl%3Aitaliandesign.group+OR+inurl%3Atgtiger.top+OR+inurl%3Asocalmarcom.com&tbm=nws,Not Found,0,
https://www.google.bj/search?q=inurl%3Awuhanhuamu.com+OR+inurl%3Adgchndz.com+OR+inurl%3Agzaoting.com+OR+inurl%3Azhsbjx.com+OR+inurl%3Azcpchs.com+OR+inurl%3Aszsaitemei.com+OR+inurl%3Ahnyxbxg.com+OR+inurl%3Acqddyyzx.com&tbm=nws,Not Found,0,
https://www.google.bj/search?q=inurl%3Adeckbuildersaz.com+OR+inurl%3Apavingservicesrochester.com+OR+inurl%3Apavingtempe.com+OR+inurl%3Agreenbackdrop.com+OR+inurl%3Aclwlyu.com+OR+inurl%3Aliminalwords.com+OR+inurl%3Agwenttin.com+OR+inurl%3Aautomatontesting.com&tbm=nws,Not Found,0,
https://www.google.bf/search?q=inurl%3Agardenzenpdx.com+OR+inurl%3Axiuniepass.com+OR+inurl%3Aformiely.com+OR+inurl%3Abatterieshereru.com+OR+inurl%3Akapsulresdung.com+OR+inurl%3Axdalloy.net+OR+inurl%3Achinamassnews.net+OR+inurl%3A52tuku.net&tbm=nws,Not Found,0,
https://www.google.bj/search?q=inurl%3Afree-energy-info.org+OR+inurl%3Agsrdxy.org+OR+inurl%3Ammmmt.org+OR+inurl%3Ayzgy.org+OR+inurl%3Arealmadridclub.org+OR+inurl%3Achinaciie.org+OR+inurl%3Agicq.org&tbm=nws,Not Found,0,
https://www.google.com.bh/search?q=inurl%3Azcqxjiyxgs.com+OR+inurl%3Adgdonsun.com+OR+inurl%3Alzysgjg.com+OR+inurl%3Ahjsdlqc.com+OR+inurl%3Agzqyzf.com+OR+inurl%3Alkuvdyj.com+OR+inurl%3Abjbckit.com+OR+inurl%3Afsgsl88.com&tbm=nws,Not Found,0,
https://www.google.com.bn/search?q=inurl%3Amobileappstester.com+OR+inurl%3Acnitro.com+OR+inurl%3Aholahaku.com+OR+inurl%3Awtrfsd.com+OR+inurl%3Anorcalsurfcup.com+OR+inurl%3Anorcalsurfcup.net+OR+inurl%3Anorcalsurfseries.com+OR+inurl%3Anorcalsurfevents.com&tbm=nws,Not Found,0,
https://www.google.bf/search?q=inurl%3Acqtcmy.com+OR+inurl%3Afuzhouhjxj.com+OR+inurl%3Awhhzgd.com+OR+inurl%3A724365w.com+OR+inurl%3Anbhaifulai.com+OR+inurl%3Ahbczhyzc.com+OR+inurl%3Akangweitex.com+OR+inurl%3Aeyj80.com&tbm=nws,Not Found,0,
https://www.google.com.bn/search?q=inurl%3Ahunaner.org+OR+inurl%3Achinaflagfoundation.org+OR+inurl%3At399.org+OR+inurl%3Acdcsc.org+OR+inurl%3Aqingdaohuishoulipin.com+OR+inurl%3Abdgurki.com+OR+inurl%3Ajzfanxun.com&tbm=nws,Not Found,0,
https://www.google.com.bh/search?q=inurl%3Aahmucheng.net+OR+inurl%3A99long.net+OR+inurl%3Aynels.net+OR+inurl%3A2t20.net+OR+inurl%3Acdyykc.net+OR+inurl%3Ajqsjk.net+OR+inurl%3Adaiyun520.net+OR+inurl%3Ashlize.net&tbm=nws,Not Found,0,
https://www.google.bi/search?q=inurl%3Aaquaforceprowash.com+OR+inurl%3A744qqq.com+OR+inurl%3Aoutsourcingitcompany.com+OR+inurl%3Apoorbesity.com+OR+inurl%3Asprinklersystemsaz.com+OR+inurl%3Apaintingrochesterny.com+OR+inurl%3Acarpentrybillings.com+OR+inurl%3Adeckbuildersny.com&tbm=nws,Not Found,0,
https://www.google.be/search?q=inurl%3Amkklcdnv61.com+OR+inurl%3Aimou-services.com+OR+inurl%3Acoldtrafficconversion.com+OR+inurl%3A126578.com+OR+inurl%3Asmuklight.com+OR+inurl%3Apillowprincess.pink+OR+inurl%3Aav1225.com&tbm=nws,Not Found,0,
https://www.google.be/search?q=inurl%3Arent24us.com+OR+inurl%3Aprudentoffshrebn.com+OR+inurl%3Areedfarmranch.com+OR+inurl%3Aketodietforbryan.top+OR+inurl%3Ablogalvarodias.com+OR+inurl%3Asocalwebhost.com+OR+inurl%3Afiftyc.com+OR+inurl%3Aturkifsaa.xyz&tbm=nws,Not Found,0,
https://www.google.com.bh/search?q=inurl%3Alagirlmexico.com+OR+inurl%3Aalyssaherrera.com+OR+inurl%3Aglinsy.com+OR+inurl%3Asherriffmedia.com+OR+inurl%3Aambitenergyuk.com+OR+inurl%3Afreeclasified.com+OR+inurl%3Aukrainiankids.com+OR+inurl%3Azomincyber.com&tbm=nws,Not Found,0,
https://www.google.bg/search?q=inurl%3Aanxdjx.net+OR+inurl%3Ahaxun.net+OR+inurl%3Aggjspx.net+OR+inurl%3Ahbhuibang.net+OR+inurl%3Aduyuxie.net+OR+inurl%3Atx-jd.net+OR+inurl%3Agooseo.net&tbm=nws,Not Found,0,
https://www.google.bi/search?q=inurl%3Akezaovalve.com+OR+inurl%3Aszjoniu.com+OR+inurl%3Axzcjtl.com+OR+inurl%3Axajy366.com+OR+inurl%3Aqdnuoke.com+OR+inurl%3Agift022.com+OR+inurl%3Ahaiqianrui.com+OR+inurl%3Atelishou.com&tbm=nws,Not Found,0,
https://www.google.com.bn/search?q=inurl%3Atjshhm.com+OR+inurl%3Atjslonghai.com+OR+inurl%3Adlalerton.com+OR+inurl%3Alzxintao.com+OR+inurl%3Ashenlanhd.com+OR+inurl%3Atantatltd.com+OR+inurl%3Aymjgfsj.com+OR+inurl%3Abjsyntone.com&tbm=nws,Not Found,0,
https://www.google.com.bo/search?q=inurl%3Asurfevents.net+OR+inurl%3Ahgspubu.com+OR+inurl%3Atestingwebservice.com+OR+inurl%3Atestingmobileapps.com+OR+inurl%3Aduwerry.com+OR+inurl%3A22lvyou.com+OR+inurl%3Asenseshe.com+OR+inurl%3Astorekc.com&tbm=nws,Not Found,0,
https://www.google.com.bo/search?q=inurl%3Ajinlan-chem.com+OR+inurl%3Ads5178.com+OR+inurl%3A5500595.com+OR+inurl%3Ajybaiyong.com+OR+inurl%3Alalyt.com+OR+inurl%3Aqingmumm.com+OR+inurl%3Ayqmyqcfw.com&tbm=nws,Not Found,0,
https://www.google.com.bo/search?q=inurl%3Afindmusicians.online+OR+inurl%3Aideaorganizer.net+OR+inurl%3Aideaorganizer.info+OR+inurl%3Aideaorganizer.tv+OR+inurl%3Azidanagro.com+OR+inurl%3Abizfileorganizer.com+OR+inurl%3Abizfileorganizer.info+OR+inurl%3Abizfileorganizer.net&tbm=nws,Not Found,0,
https://www.google.bg/search?q=inurl%3Ahongkongjiulongjiudian.com+OR+inurl%3Aproductdesignmindset.com+OR+inurl%3Anewsasapng.com+OR+inurl%3Aeuropeanmonthofphotography.net+OR+inurl%3Asaamivar.com+OR+inurl%3Aasap-edu.com+OR+inurl%3Asmallwinsblog.com&tbm=nws,Not Found,0,
https://www.google.com.bo/search?q=inurl%3Atmpbafkj.com+OR+inurl%3Aaoboerxl.com+OR+inurl%3Avitendq.com+OR+inurl%3Atjdivine.com+OR+inurl%3Awaimaodeng.com+OR+inurl%3Ahdgdsb.com+OR+inurl%3Arhlt010.com+OR+inurl%3Aseakation.com&tbm=nws,Not Found,0,
https://www.google.bg/search?q=inurl%3Aszhftcctv.com+OR+inurl%3Ayjwxjils.com+OR+inurl%3Ahonglingwy.com+OR+inurl%3Aythmjd.com+OR+inurl%3Achuyuangk.com+OR+inurl%3Agzjhhome.com+OR+inurl%3Ayzdsys88.com+OR+inurl%3Ajszd99.com&tbm=nws,Not Found,0,
https://www.google.bg/search?q=inurl%3Alfzomc.com+OR+inurl%3Atzztbyq.com+OR+inurl%3Acnbm-sg.com+OR+inurl%3Adafeir.com+OR+inurl%3Adlhongze.com+OR+inurl%3Abjjlsdsb.com+OR+inurl%3Ahqlift.com&tbm=nws,Not Found,0,
https://www.google.bf/search?q=inurl%3Agdyongxing.com+OR+inurl%3Aweikewx.com+OR+inurl%3Agoldiskssd.com+OR+inurl%3Afshcjthjss.com+OR+inurl%3Abangyuseed.com+OR+inurl%3Azjhlrubber.com+OR+inurl%3Addjjhome.com+OR+inurl%3Anbwdpj.com&tbm=nws,Not Found,0,
https://www.google.com.bh/search?q=inurl%3Aczsyzsm.com+OR+inurl%3A62504748.com+OR+inurl%3Ahnyutesen.com+OR+inurl%3Agxj0738.com+OR+inurl%3Azksjgy.com+OR+inurl%3Axahongneng.com+OR+inurl%3Ahiltoneaw.com+OR+inurl%3Ahr999cz.com&tbm=nws,Not Found,0,
https://www.google.be/search?q=inurl%3Atjdwsy.com+OR+inurl%3Ayunduanguoji.com+OR+inurl%3A0852ys.com+OR+inurl%3A1680728.com+OR+inurl%3Ahfdianlancaomj.com+OR+inurl%3Agzmifengyangzhi.com+OR+inurl%3Ailiutech.com+OR+inurl%3Aningshangyou.com&tbm=nws,Not Found,0,
https://www.google.bj/search?q=inurl%3Ayibangtz.com+OR+inurl%3Acqhsjzjx.com+OR+inurl%3Aszxftcl.com+OR+inurl%3Agzsking.com+OR+inurl%3Asyjbth.com+OR+inurl%3Afukangpiju.com+OR+inurl%3Azywh77.com+OR+inurl%3Ahanzufund.com&tbm=nws,Not Found,0,
https://www.google.bf/search?q=inurl%3Acctvhxpd.com+OR+inurl%3Alvshengsl.com+OR+inurl%3Aaolingx.com+OR+inurl%3Aeng-root.com+OR+inurl%3Abbbbbbb.net+OR+inurl%3A52cdssw.com+OR+inurl%3Axianguanggaosheji.com&tbm=nws,Not Found,0,
https://www.google.com.bn/search?q=inurl%3Ahothub.today+OR+inurl%3Aprancegoldholdingsrealty.com+OR+inurl%3Aprancegoldholdings.trade+OR+inurl%3Aprancegoldholdings.tours+OR+inurl%3Alittle-lumi.com+OR+inurl%3Aakihoo.com+OR+inurl%3Ayadingdesign.com&tbm=nws,Not Found,0,
https://www.google.be/search?q=inurl%3Aslqcdqc.com+OR+inurl%3Adlrisong.com+OR+inurl%3Ahhyxzm.com+OR+inurl%3Amizuda-sz.com+OR+inurl%3Ayantengcom.com+OR+inurl%3Ahongyue68.com+OR+inurl%3Arunlinblg.com&tbm=nws,Not Found,0,
https://www.google.bi/search?q=inurl%3Ajlypme.com+OR+inurl%3Afyhldzp.com+OR+inurl%3Aaprunxing.com+OR+inurl%3Ahi-ming.com+OR+inurl%3Atrekweb.com+OR+inurl%3Aredu365.com+OR+inurl%3Azjglvlong.com&tbm=nws,Not Found,0,
https://www.google.com.bn/search?q=inurl%3Abitpr.xyz+OR+inurl%3Agaolin.org+OR+inurl%3Amanxfootball.com+OR+inurl%3Amanxsoccer.com+OR+inurl%3Amanxrugby.com+OR+inurl%3Amanxdomino.com+OR+inurl%3Amanxvolleyball.com+OR+inurl%3Amanxbadminton.com&tbm=nws,Not Found,0,
https://www.google.be/search?q=inurl%3Amutih.com+OR+inurl%3Angaben.com+OR+inurl%3Arotodry.com+OR+inurl%3Abrendasdiasporaconsulting.com+OR+inurl%3A878marketing.com+OR+inurl%3Aenvirolang.foundation+OR+inurl%3Adgtszn.com+OR+inurl%3Akingmasport.com&tbm=nws,Not Found,0,
https://www.google.be/search?q=inurl%3Amanxbilliards.com+OR+inurl%3Amanxsnooker.com+OR+inurl%3Amanxpool.com+OR+inurl%3Amanxdodgeball.com+OR+inurl%3Amanxfloorball.com+OR+inurl%3Amanxsprint.com+OR+inurl%3Amanxwalking.com+OR+inurl%3Amanxhurdle.com&tbm=nws,Not Found,0,
https://www.google.com.bo/search?q=inurl%3Aaj177.com+OR+inurl%3Aan991.com+OR+inurl%3A2021msw.com+OR+inurl%3A2022msw.com+OR+inurl%3Atravellingpuzzles.com+OR+inurl%3Apanama888.link+OR+inurl%3Anameuber.com+OR+inurl%3Ahappinessstudies.school&tbm=nws,Not Found,0,
https://www.google.bg/search?q=inurl%3Ahfxiaoshuob.com+OR+inurl%3Afhxs4.com+OR+inurl%3Awm51t.com+OR+inurl%3Abrotherrinse.com+OR+inurl%3A72kv.com+OR+inurl%3Axargjy.com+OR+inurl%3Aszmklkj.com+OR+inurl%3Aisanjie.com&tbm=nws,Not Found,0,
https://www.google.bf/search?q=inurl%3Amanxrelay.com+OR+inurl%3Amanxmarathon.com+OR+inurl%3Amanxhigh.com+OR+inurl%3Amanxlong.com+OR+inurl%3Amanxtriple.com+OR+inurl%3Amanxpole.com+OR+inurl%3Amanxdiscus.com+OR+inurl%3Amanxshot.com&tbm=nws,Not Found,0,
https://www.google.bj/search?q=inurl%3Acaptaina380.com+OR+inurl%3Aszsjtwl.com+OR+inurl%3Ayxysmy.com+OR+inurl%3Ajialon888.com+OR+inurl%3Axghtjx.com+OR+inurl%3Aoryx-united.com+OR+inurl%3Ajsmw061.com&tbm=nws,Not Found,0,
https://www.google.com.bh/search?q=inurl%3Amanxyachting.com+OR+inurl%3Amanxsnorkeling.com+OR+inurl%3Amanxpaintballing.com+OR+inurl%3Amanxsurfing.com+OR+inurl%3Amanxskateboarding.com+OR+inurl%3Amanxparkour.com+OR+inurl%3Amanxwakeboarding.com+OR+inurl%3Amanxbungee.com&tbm=nws,Not Found,0,
https://www.google.com.bo/search?q=inurl%3Amanxsquash.com+OR+inurl%3Amanxtennis.com+OR+inurl%3Amanxtable.com+OR+inurl%3Amanxpaint.com+OR+inurl%3Amanxbaseball.com+OR+inurl%3Amanxsoftball.com+OR+inurl%3Amanxgolf.com+OR+inurl%3Amanxbowling.com&tbm=nws,Not Found,0,
https://www.google.com.bn/search?q=inurl%3Atomorrowlandlatino.com+OR+inurl%3Asmxqxlf.com+OR+inurl%3Afootcarecentral.com+OR+inurl%3Ahelpwarrior.com+OR+inurl%3Afjsd.net+OR+inurl%3Aback-pain-free.com+OR+inurl%3Athesecondark.com&tbm=nws,Found,1,tomorrowlandlatino.com
https://www.google.bg/search?q=inurl%3Amanxjavelin.com+OR+inurl%3Amanxhammer.com+OR+inurl%3Amanxfreestyle.com+OR+inurl%3Amanxbackstroke.com+OR+inurl%3Amanxbreast.com+OR+inurl%3Amanxstroke.com+OR+inurl%3Amanxrowing.com+OR+inurl%3Amanxcanoe.com&tbm=nws,Not Found,0,
https://www.google.bi/search?q=inurl%3Amanxjumping.com+OR+inurl%3Amanxsquats.com+OR+inurl%3Amanxbridge.com+OR+inurl%3Amanxplank.com+OR+inurl%3Ainmueblesconestilo.com+OR+inurl%3Ameiguizuanshi.com+OR+inurl%3Axiaozebocai.com+OR+inurl%3Ayzzshpyzx.com&tbm=nws,Not Found,0,
https://www.google.com.bh/search?q=inurl%3Atempewebsitedesign.xyz+OR+inurl%3Aphoenixwebsitedesign.xyz+OR+inurl%3Asantanvalleywebsitedesign.xyz+OR+inurl%3Amesawebsitedesign.xyz+OR+inurl%3Atrynewgirls.art+OR+inurl%3Aoutdoorca.shop+OR+inurl%3Aisinomo.xyz&tbm=nws,Not Found,0,
https://www.google.com.bh/search?q=inurl%3Achanglu-food.com+OR+inurl%3A12zhibo.com+OR+inurl%3A100tiyu.com+OR+inurl%3Akangyindz.com+OR+inurl%3Asyzmls.com+OR+inurl%3Aywqianxiu.com+OR+inurl%3Ahsch2010.com&tbm=nws,Not Found,0,
https://www.google.be/search?q=inurl%3Acitationowners.com+OR+inurl%3Aiflydreamliner.com+OR+inurl%3Aa380captain.com+OR+inurl%3Aairbuscaptain.com+OR+inurl%3Aboeingcaptain.com+OR+inurl%3Acitationowner.com+OR+inurl%3Aifly767.com+OR+inurl%3Ahailtothecolors.com&tbm=nws,Not Found,0,
https://www.google.bf/search?q=inurl%3Apronoun.eu+OR+inurl%3Anouns.eu+OR+inurl%3Aesoff.space+OR+inurl%3Aydrgp.monster+OR+inurl%3Avtkmeizbz.monster+OR+inurl%3Aoutdoorle.shop+OR+inurl%3Asepinsure1.xyz+OR+inurl%3Asepinsure2.xyz&tbm=nws,Not Found,0,
https://www.google.com.bo/search?q=inurl%3Arealreceipt.xyz+OR+inurl%3Akemia.store+OR+inurl%3Aalijah.store+OR+inurl%3Adrado.store+OR+inurl%3A00006.xyz+OR+inurl%3A00012.xyz+OR+inurl%3Ademonstratorworld.xyz+OR+inurl%3Acudsaa.xyz&tbm=nws,Not Found,0,
https://www.google.com.bn/search?q=inurl%3Aoklixp.xyz+OR+inurl%3Adom007.xyz+OR+inurl%3Anutflix.xyz+OR+inurl%3Aoutdoordk.shop+OR+inurl%3Asidaqiuzhi.xyz+OR+inurl%3Adaretowin.xyz+OR+inurl%3Aglidereviews.xyz+OR+inurl%3Asunshowerstack.xyz&tbm=nws,Not Found,0,
https://www.google.bg/search?q=inurl%3Asepinsure3.xyz+OR+inurl%3Asepinsure4.xyz+OR+inurl%3Amisszoe.shop+OR+inurl%3Aoutdoorit.shop+OR+inurl%3Ajyzzcty.xyz+OR+inurl%3Aoutdoorun.shop+OR+inurl%3Agilbertwebsitedesign.xyz+OR+inurl%3Achandlerwebsitedesign.xyz&tbm=nws,Not Found,0,
https://www.google.com.bh/search?q=inurl%3Atrakauto.quest+OR+inurl%3Abecouly.quest+OR+inurl%3Alidantollas.quest+OR+inurl%3Aiosav.pw+OR+inurl%3Aiosav.cyou+OR+inurl%3Agoogletagmanage.xyz+OR+inurl%3Abylhwiyj.xyz+OR+inurl%3Aadtfvvej.xyz&tbm=nws,Not Found,0,
https://www.google.bg/search?q=inurl%3Ayftav.xyz+OR+inurl%3Aluuav.xyz+OR+inurl%3Asanzro.xyz+OR+inurl%3Aaccuweather.fun+OR+inurl%3Aboyeakes.quest+OR+inurl%3Ayoustur.quest+OR+inurl%3Aarespermire.quest+OR+inurl%3Ayountintir.quest&tbm=nws,Not Found,0,
https://www.google.bj/search?q=inurl%3Aeaead.com+OR+inurl%3Afuhailin.com+OR+inurl%3Akangchenglaw.com+OR+inurl%3Aljxinhuashudian.com+OR+inurl%3Asxsjshg.com+OR+inurl%3Atrust2business.com+OR+inurl%3A535762.com+OR+inurl%3Aahxjwl.com&tbm=nws,Not Found,0,
https://www.google.bj/search?q=inurl%3Ailvkszeh.xyz+OR+inurl%3Ainrhxyul.xyz+OR+inurl%3Abmjmgogz.xyz+OR+inurl%3Aunyihcdk.xyz+OR+inurl%3Arevos-mares.xyz+OR+inurl%3Atininessesjwpx.shop+OR+inurl%3Aiodinationioob.shop&tbm=nws,Not Found,0,
https://www.google.com.bo/search?q=inurl%3Aefrelieve.com+OR+inurl%3Ahealthierbattle.com+OR+inurl%3Abigcanvasinc.com+OR+inurl%3Arochestergolfcourses.com+OR+inurl%3Ayuanzun1.com+OR+inurl%3Aferrari458.rocks+OR+inurl%3Amyferrari458.rocks+OR+inurl%3A717captain.com&tbm=nws,Not Found,0,
https://www.google.bj/search?q=inurl%3Aantidatesite.art+OR+inurl%3Aeasyharlotinfo.art+OR+inurl%3Astreetqueens.art+OR+inurl%3Atrand-chicks.art+OR+inurl%3Aoutdooruk.shop+OR+inurl%3Aoutdoorgb.shop+OR+inurl%3Aoutdoorau.shop&tbm=nws,Not Found,0,
https://www.google.bi/search?q=inurl%3Ahgpktfxh.xyz+OR+inurl%3Aditznjoa.xyz+OR+inurl%3Acblmttlx.xyz+OR+inurl%3Ajmaii.xyz+OR+inurl%3Aqihi.xyz+OR+inurl%3Avibii.xyz+OR+inurl%3Aterravita.uk+OR+inurl%3Azwzhcsuj.xyz&tbm=nws,Not Found,0,
https://www.google.bi/search?q=inurl%3Axservice-4u.art+OR+inurl%3Aflirtpolice.art+OR+inurl%3Alonelygirls.art+OR+inurl%3Afeelclouds.art+OR+inurl%3Aoutdooreu.shop+OR+inurl%3Aarizonawebsitedesign.xyz+OR+inurl%3Aheartscout-de.art&tbm=nws,Not Found,0,
https://www.google.com.bo/search?q=inurl%3Aprecautiouslyouss.shop+OR+inurl%3Aflabbergastsutou.shop+OR+inurl%3Arescaledbkad.shop+OR+inurl%3Atragicomicwuyr.shop+OR+inurl%3Aconcertmeisterblyo.shop+OR+inurl%3Aschlierencxbc.shop+OR+inurl%3Aformalisedjrhh.shop+OR+inurl%3Aivattstrachealiszt.shop&tbm=nws,Not Found,0,
https://www.google.com.bn/search?q=inurl%3Astarkssidoniaqd.shop+OR+inurl%3Alevelersbwxj.shop+OR+inurl%3Asubtilerqohg.shop+OR+inurl%3Aantiuraticcbrj.shop+OR+inurl%3Acymbiumstickjawpu.shop+OR+inurl%3Asimiousnessmano.shop+OR+inurl%3Afurryretipth.shop+OR+inurl%3Astactecombustorxv.shop&tbm=nws,Not Found,0,
https://www.google.be/search?q=inurl%3Aandrienactinodromousrw.shop+OR+inurl%3Abekinkinitepmnm.shop+OR+inurl%3Adumpishnesskapn.shop+OR+inurl%3Acounterwordjito.shop+OR+inurl%3Aunimplicablephya.shop+OR+inurl%3Aprochloriteqvqs.shop+OR+inurl%3Aenframingtcfo.shop+OR+inurl%3Acheckeringxuln.shop&tbm=nws,Not Found,0,
https://www.google.be/search?q=inurl%3Azys9982134.xyz+OR+inurl%3Athanh-shopregistration.shop+OR+inurl%3Apron6969.xyz+OR+inurl%3Amysea621.xyz+OR+inurl%3Aovmsubags.shop+OR+inurl%3Aalgmaibag.shop+OR+inurl%3Adealscottage.xyz&tbm=nws,Not Found,0,
https://www.google.com.bh/search?q=inurl%3Atransformationalistszly.shop+OR+inurl%3Amesterwesterwardsyh.shop+OR+inurl%3Amacroplastiauymj.shop+OR+inurl%3Aconclusiongxbw.shop+OR+inurl%3Ahenricksnlcc.shop+OR+inurl%3Atransuterinewvda.shop+OR+inurl%3Aoveranalyzeoupp.shop+OR+inurl%3Agierekundowerediv.shop&tbm=nws,Not Found,0,
https://www.google.com.bn/search?q=inurl%3Asmxqxlf.com+OR+inurl%3Afootcarecentral.com+OR+inurl%3Ahelpwarrior.com+OR+inurl%3Afjsd.net+OR+inurl%3Aback-pain-free.com+OR+inurl%3Athesecondark.com&tbm=nws,Not Found,0,
https://www.google.bi/search?q=inurl%3Ajaelalegitimatizationrf.shop+OR+inurl%3Apostconnubialfviy.shop+OR+inurl%3Agreenyardapje.shop+OR+inurl%3Ashakespearianismlsdp.shop+OR+inurl%3Athaminhederiformtk.shop+OR+inurl%3Anealpedanticstt.shop+OR+inurl%3Apermissablegift.shop+OR+inurl%3Acragworkenhz.shop&tbm=nws,Not Found,0,
https://www.google.com.bh/search?q=inurl%3Astitchworkiaym.shop+OR+inurl%3Awindsocklnvq.shop+OR+inurl%3Ahypnotizerxuon.shop+OR+inurl%3Aspookybobbettebw.shop+OR+inurl%3Apseudotetramerayapa.shop+OR+inurl%3Aolneyvarnisherrm.shop+OR+inurl%3Apastvanishesso.shop+OR+inurl%3Adeterminedhgnl.shop&tbm=nws,Not Found,0,
https://www.google.com.bn/search?q=inurl%3Adefunctionalizeaphs.shop+OR+inurl%3Aglyciccatsupsja.shop+OR+inurl%3Acoonysecurityau.shop+OR+inurl%3Apshawsaminizationmo.shop+OR+inurl%3Amuscarisqbso.shop+OR+inurl%3Anailbrushmzpd.shop+OR+inurl%3Abostonparaselenicqk.shop+OR+inurl%3Ajapaneelaicisene.shop&tbm=nws,Not Found,0,
https://www.google.bg/search?q=inurl%3Aheliotropicallyxpag.shop+OR+inurl%3Aveinierpanderspp.shop+OR+inurl%3Asidoniandnck.shop+OR+inurl%3Asinlesspresensiontb.shop+OR+inurl%3Abasophiledvap.shop+OR+inurl%3Adisassociablekmky.shop+OR+inurl%3Aalbunalavabossm.shop+OR+inurl%3Atropicallyodyb.shop&tbm=nws,Not Found,0,
https://www.google.bg/search?q=inurl%3Aunvirtuousnessecxo.shop+OR+inurl%3Aundercartszql.shop+OR+inurl%3Agonapophysialevzm.shop+OR+inurl%3Aaridedherefordsqa.shop+OR+inurl%3Aanovulantqppy.shop+OR+inurl%3Azenanasallegataer.shop+OR+inurl%3Ausurerdovrayuj.shop+OR+inurl%3Acrochetchondroalbuminoidjv.shop&tbm=nws,Not Found,0,
https://www.google.bi/search?q=inurl%3Acoauthorshipsgtjs.shop+OR+inurl%3Aepisiorrhagiaiqso.shop+OR+inurl%3Aprebronchialcamp.shop+OR+inurl%3Arhapsodiexyfl.shop+OR+inurl%3Aurosteanugaciousnesskx.shop+OR+inurl%3Aarthrodermgvto.shop+OR+inurl%3Ahermeticismhlik.shop+OR+inurl%3Aantiquariesqdex.shop&tbm=nws,Not Found,0,
https://www.google.bf/search?q=inurl%3Alavementjleb.shop+OR+inurl%3Awraxledbenicxz.shop+OR+inurl%3Akiestlessqiht.shop+OR+inurl%3Aamensomophagyob.shop+OR+inurl%3Aheteronomicidiv.shop+OR+inurl%3Adacryopyorrheaocsy.shop+OR+inurl%3Afeminophobeebmo.shop+OR+inurl%3Anoninterpolationsztk.shop&tbm=nws,Not Found,0,
https://www.google.com.bo/search?q=inurl%3Ahense01.xyz+OR+inurl%3Adouhaose.xyz+OR+inurl%3Atuijian.pw+OR+inurl%3A5ibook.xyz+OR+inurl%3Abeyondgame.xyz+OR+inurl%3Axgspzy2.xyz+OR+inurl%3Adjhandsome.xyz+OR+inurl%3Asebaba11.xyz&tbm=nws,Not Found,0,
https://www.google.bj/search?q=inurl%3Acoleosporiumitbz.shop+OR+inurl%3Amccomasabsorbantrk.shop+OR+inurl%3Acorviformbtnc.shop+OR+inurl%3Atejooutquibbledti.shop+OR+inurl%3Asippersrubythroatus.shop+OR+inurl%3Afimbristyliswnfl.shop+OR+inurl%3Asandstormsaoxs.shop+OR+inurl%3Areimposingnuzr.shop&tbm=nws,Not Found,0,
https://www.google.be/search?q=inurl%3Areynoldsvilleysrv.shop+OR+inurl%3Atoprailfidelasod.shop+OR+inurl%3Athemeletpkut.shop+OR+inurl%3Apolarizedgvjh.shop+OR+inurl%3Achoosingsjld.shop+OR+inurl%3Avarguenomucp.shop+OR+inurl%3Amonstrificationmpgq.shop+OR+inurl%3Aprivateereduqnv.shop&tbm=nws,Not Found,0,
https://www.google.bf/search?q=inurl%3Aexcitecoupons.xyz+OR+inurl%3Acouponshangar.xyz+OR+inurl%3Atrd8rfyfg8y7fgt8uyf7e8ry.best+OR+inurl%3Aert8fg5f9gd9fg89df8df98d9xdrsf.best+OR+inurl%3Aluckinday.xyz+OR+inurl%3Aporn6969.xyz+OR+inurl%3Achicly.store+OR+inurl%3Alinshiyongyixia.xyz&tbm=nws,Not Found,0,
https://www.google.com.bh/search?q=inurl%3Aintransigeantsrur.shop+OR+inurl%3Aventralsoxli.shop+OR+inurl%3Achidingnesstctx.shop+OR+inurl%3Ajacknifedmyjh.shop+OR+inurl%3Afasciasjuftsxv.shop+OR+inurl%3Asiphonognathidzuiv.shop+OR+inurl%3Aviceroyshipatjj.shop+OR+inurl%3Alienomedullaryqnbi.shop&tbm=nws,Not Found,0,
https://www.google.bf/search?q=inurl%3Aginglmidepicturedkl.shop+OR+inurl%3Aunquestioningnessudxg.shop+OR+inurl%3Atricentennialsivhb.shop+OR+inurl%3Alimitaneanvmnj.shop+OR+inurl%3Anonleprouslyxwwh.shop+OR+inurl%3Aunslimbontokor.shop+OR+inurl%3Agermanocentrichbwh.shop+OR+inurl%3Ainsameungravitationalhl.shop&tbm=nws,Not Found,0,
https://www.google.be/search?q=inurl%3Asebaba12.xyz+OR+inurl%3Asebaba13.xyz+OR+inurl%3Asebaba14.xyz+OR+inurl%3Asebaba15.xyz+OR+inurl%3Asebaba16.xyz+OR+inurl%3Asebaba17.xyz+OR+inurl%3Asebaba18.xyz+OR+inurl%3Asebaba19.xyz&tbm=nws,Not Found,0,
https://www.google.com.bo/search?q=inurl%3Abedragglemymz.shop+OR+inurl%3Aemblematizeuiqt.shop+OR+inurl%3Aavifaunallyhmpy.shop+OR+inurl%3Acaddowervingrr.shop+OR+inurl%3Aabbottstownrxkr.shop+OR+inurl%3Asheareridlenesseswu.shop+OR+inurl%3Aliebigadjustablyko.shop+OR+inurl%3Aslickensidefknz.shop&tbm=nws,Not Found,0,
https://www.google.bg/search?q=inurl%3Aplayedchronoscopetj.shop+OR+inurl%3Avaloniafoemanshipye.shop+OR+inurl%3Aunadoptivelyzfqa.shop+OR+inurl%3Aunappeasingljlk.shop+OR+inurl%3Aparodyproofhbul.shop+OR+inurl%3Aunomniscientlyynjb.shop+OR+inurl%3Aspheriestrxbi.shop+OR+inurl%3Aweisbartlchj.shop&tbm=nws,Not Found,0,
https://www.google.bf/search?q=inurl%3Adeciphershcbz.shop+OR+inurl%3Atrottyailuroee.shop+OR+inurl%3Aacetitelawnmowersf.shop+OR+inurl%3Aovertravelubzo.shop+OR+inurl%3Ahunkretypesen.shop+OR+inurl%3Anectarealegix.shop+OR+inurl%3Athimblefulsfidx.shop+OR+inurl%3Afurlablectxe.shop&tbm=nws,Not Found,0,
https://www.google.com.bo/search?q=inurl%3Acouchingiivl.shop+OR+inurl%3Ahialeahhereszv.shop+OR+inurl%3Anarraslagmanjo.shop+OR+inurl%3Abirchesabreactedxd.shop+OR+inurl%3Airefullyfboo.shop+OR+inurl%3Avoguleffrayvh.shop+OR+inurl%3Aaccessiblyfnll.shop+OR+inurl%3Aboxerismwedq.shop&tbm=nws,Not Found,0,
https://www.google.bj/search?q=inurl%3Ahemidactylustubo.shop+OR+inurl%3Amispaginationpyfe.shop+OR+inurl%3Acipolinsakjq.shop+OR+inurl%3Asuperseverenesswdzx.shop+OR+inurl%3Asuperquotingaokj.shop+OR+inurl%3Abalaclavajhtf.shop+OR+inurl%3Abaragnosisimgv.shop+OR+inurl%3Abroiddiscriminativepu.shop&tbm=nws,Not Found,0,
https://www.google.bj/search?q=inurl%3Asupersecretivelypupu.shop+OR+inurl%3Aeconomicallyixtr.shop+OR+inurl%3Aroseannardmo.shop+OR+inurl%3Aparlantevlfq.shop+OR+inurl%3Aperoneuskseu.shop+OR+inurl%3Acostageperonosporaceaekp.shop+OR+inurl%3Anonvitalityskew.shop+OR+inurl%3Aeuphonismctgk.shop&tbm=nws,Not Found,0,
https://www.google.bi/search?q=inurl%3Agenyoplastyklhs.shop+OR+inurl%3Agearboxpanstereoramacy.shop+OR+inurl%3Amancipiansao.shop+OR+inurl%3Acrotaliformgkje.shop+OR+inurl%3Acraunchesclvq.shop+OR+inurl%3Apantomancerpbmz.shop+OR+inurl%3Agrasstondgnm.shop+OR+inurl%3Aunsunnytriboliumzg.shop&tbm=nws,Not Found,0,
https://www.google.com.bh/search?q=inurl%3Amwnhvevu.xyz+OR+inurl%3Azzohoxzi.xyz+OR+inurl%3Axddrpugo.xyz+OR+inurl%3Axyz103.xyz+OR+inurl%3Atenloe011.xyz+OR+inurl%3Atenloe012.xyz+OR+inurl%3Atenloe013.xyz+OR+inurl%3Atenloe014.xyz&tbm=nws,Not Found,0,
https://www.google.be/search?q=inurl%3Acompany-pro.site+OR+inurl%3Atlugxsxn.xyz+OR+inurl%3Ansfioazg.xyz+OR+inurl%3Absxpviom.xyz+OR+inurl%3Azrxnipyl.xyz+OR+inurl%3Afdvptfqu.xyz+OR+inurl%3Awziqr.shop&tbm=nws,Not Found,0,
https://www.google.bf/search?q=inurl%3Asebaba20.xyz+OR+inurl%3Asebaba21.xyz+OR+inurl%3Asebaba22.xyz+OR+inurl%3Atenloe001.xyz+OR+inurl%3Atenloe002.xyz+OR+inurl%3Atenloe003.xyz+OR+inurl%3Atenloe004.xyz+OR+inurl%3Atenloe005.xyz&tbm=nws,Not Found,0,
https://www.google.bi/search?q=inurl%3Atenloe015.xyz+OR+inurl%3Atenloe017.xyz+OR+inurl%3Atenloe016.xyz+OR+inurl%3Atenloe019.xyz+OR+inurl%3Atenloe018.xyz+OR+inurl%3Atenloe020.xyz+OR+inurl%3Anxav21.xyz+OR+inurl%3Apnsetnor.xyz&tbm=nws,Not Found,0,
https://www.google.com.bn/search?q=inurl%3Aphascogaleebgz.shop+OR+inurl%3Amallissadlzk.shop+OR+inurl%3Agasketsautogenuoustj.shop+OR+inurl%3Arayasclambut.shop+OR+inurl%3Apaternalnessbqvq.shop+OR+inurl%3Ameitaisheng.cyou+OR+inurl%3Ahaose01.xyz+OR+inurl%3Ahong01.xyz&tbm=nws,Not Found,0,
https://www.google.bj/search?q=inurl%3Arqoknarr.xyz+OR+inurl%3Abchwhlyg.xyz+OR+inurl%3Alemkgpvm.xyz+OR+inurl%3Aosqrcgxe.xyz+OR+inurl%3Aeyyvvc.monster+OR+inurl%3Awvd07y.monster+OR+inurl%3A3c10n2.icu+OR+inurl%3A3a5hlv.icu&tbm=nws,Not Found,0,
https://www.google.com.bo/search?q=inurl%3Aqwe1asd5.xyz+OR+inurl%3Ageonewsurdu.xyz+OR+inurl%3Afovatvndg.monster+OR+inurl%3Aseamm8899.xyz+OR+inurl%3Aejzuhnleph.quest+OR+inurl%3Ajiuma2.xyz+OR+inurl%3Adpbjal.monster+OR+inurl%3Ayintgjfsg.xyz&tbm=nws,Not Found,0,
https://www.google.com.bn/search?q=inurl%3Athermalizedazun.shop+OR+inurl%3Ailmenorutilepuuz.shop+OR+inurl%3Abimanuallynsko.shop+OR+inurl%3Acamphinewvbg.shop+OR+inurl%3Amiscibilitygdxs.shop+OR+inurl%3Asuppliediscn.shop+OR+inurl%3Akristeitherae.shop+OR+inurl%3Anewmarketyjkc.shop&tbm=nws,Not Found,0,
https://www.google.bf/search?q=inurl%3Afhlriza.monster+OR+inurl%3Aislandxstoneoffical.shop+OR+inurl%3Afx151.xyz+OR+inurl%3Agoldelfend.xyz+OR+inurl%3Akm5588.xyz+OR+inurl%3Ajszsqnpt.xyz+OR+inurl%3Azoxnuuiz.xyz+OR+inurl%3Afanxjjjf.xyz&tbm=nws,Not Found,0,
https://www.google.bg/search?q=inurl%3Atenloe007.xyz+OR+inurl%3Atenloe006.xyz+OR+inurl%3Atenloe009.xyz+OR+inurl%3Atenloe008.xyz+OR+inurl%3Atenloe010.xyz+OR+inurl%3Aywsp31.xyz+OR+inurl%3Avctgjfga.xyz+OR+inurl%3Atvqhkaeu.xyz&tbm=nws,Not Found,0,
https://www.google.be/search?q=inurl%3Aspigotadjustersal.shop+OR+inurl%3Aresortedjuok.shop+OR+inurl%3Aguatusanveef.shop+OR+inurl%3Ajamssubpalmatedmw.shop+OR+inurl%3Aoperosenessosjg.shop+OR+inurl%3Aboaedonhierarchiseds.shop+OR+inurl%3Aprenightshkp.shop+OR+inurl%3Aphytoflagellatailqd.shop&tbm=nws,Not Found,0,
https://www.google.com.bh/search?q=inurl%3Aopeanut.shop+OR+inurl%3Aherecome.shop+OR+inurl%3Adbrsoxzi.xyz+OR+inurl%3Axxuwyhdm.xyz+OR+inurl%3Actnmdlmf.xyz+OR+inurl%3Anckcajts.xyz+OR+inurl%3Ajsosibhb.xyz+OR+inurl%3Aaliencats.best&tbm=nws,Not Found,0,
https://www.google.bi/search?q=inurl%3Aomqbjp.top+OR+inurl%3Abpxstv.top+OR+inurl%3Akifrnd.top+OR+inurl%3Atkpalq.top+OR+inurl%3Alvafix.top+OR+inurl%3Adnhfeo.top+OR+inurl%3Ameocyx.top+OR+inurl%3Aogvqfz.top&tbm=nws,Not Found,0,
https://www.google.com.bn/search?q=inurl%3A0l0517.monster+OR+inurl%3Avlc2zg.icu+OR+inurl%3A3qdu61.icu+OR+inurl%3Az9oi6l.monster+OR+inurl%3Aik6bbv.icu+OR+inurl%3Awl72vo.cyou+OR+inurl%3A9w0cdn.xyz+OR+inurl%3Afqq6gv.monster&tbm=nws,Not Found,0,
https://www.google.bg/search?q=inurl%3Amemavcax.xyz+OR+inurl%3Agqzsnrnf.xyz+OR+inurl%3Agx137.xyz+OR+inurl%3Atiktokshop.best+OR+inurl%3Auuokovouo.monster+OR+inurl%3Alilisa.shop+OR+inurl%3Akaneky.shop+OR+inurl%3Aumyheart.shop&tbm=nws,Not Found,0,
https://www.google.bj/search?q=inurl%3Azkdxjp.top+OR+inurl%3Acuvnja.top+OR+inurl%3Azsfhiv.top+OR+inurl%3Apwvtmb.top+OR+inurl%3Awdjmfq.top+OR+inurl%3Anvtwmb.top+OR+inurl%3Aarhjdt.top+OR+inurl%3Ahuovkz.top&tbm=nws,Not Found,0,
https://www.google.be/search?q=inurl%3Apykfwe.top+OR+inurl%3Ajmpieb.top+OR+inurl%3Avqxsal.top+OR+inurl%3Amfcbtw.top+OR+inurl%3Alahmzu.top+OR+inurl%3Alpyqco.top+OR+inurl%3Acfkqgi.top+OR+inurl%3Aquvdye.top&tbm=nws,Not Found,0,
https://www.google.bf/search?q=inurl%3Atrljge.top+OR+inurl%3Ajdxwok.top+OR+inurl%3Aqiomhv.top+OR+inurl%3Ackldzs.top+OR+inurl%3Aaslevj.top+OR+inurl%3Aubsioe.top+OR+inurl%3Agzqonk.top+OR+inurl%3Ajpsfxl.top&tbm=nws,Not Found,0,
https://www.google.com.bn/search?q=inurl%3Awsqodv.top+OR+inurl%3Ahrkdpm.top+OR+inurl%3Awjdcot.top+OR+inurl%3Adynisk.top+OR+inurl%3Agstjry.top+OR+inurl%3Ajhklvc.top+OR+inurl%3Alivjxo.top+OR+inurl%3Axpjfgn.top&tbm=nws,Not Found,0,
https://www.google.be/search?q=inurl%3Anbrhgd.top+OR+inurl%3Anrodfs.top+OR+inurl%3Adarxsl.top+OR+inurl%3Aidhgrl.top+OR+inurl%3Amhgfez.top+OR+inurl%3Ablockgamer.net+OR+inurl%3Aiomint.work+OR+inurl%3Auscooleryeti.shop&tbm=nws,Not Found,0,
https://www.google.com.bo/search?q=inurl%3Aeuckrn.top+OR+inurl%3Aaxpecb.top+OR+inurl%3Axmcerz.top+OR+inurl%3Agkrslt.top+OR+inurl%3Arsbmxl.top+OR+inurl%3Auywivs.top+OR+inurl%3Apzewro.top+OR+inurl%3Angfwpv.top&tbm=nws,Not Found,0,
https://www.google.bg/search?q=inurl%3Akkys94.xyz+OR+inurl%3Akkys55.xyz+OR+inurl%3Akkys92.xyz+OR+inurl%3Akkys54.xyz+OR+inurl%3Akkys90.xyz+OR+inurl%3Akkys53.xyz+OR+inurl%3Akkys88.xyz+OR+inurl%3Akkys52.xyz&tbm=nws,Not Found,0,
https://www.google.bf/search?q=inurl%3Abrickhousesale.top+OR+inurl%3Akkys15.xyz+OR+inurl%3Akkys100.xyz+OR+inurl%3Akkys58.xyz+OR+inurl%3Akkys98.xyz+OR+inurl%3Akkys57.xyz+OR+inurl%3Akkys96.xyz+OR+inurl%3Akkys56.xyz&tbm=nws,Not Found,0,
https://www.google.com.bh/search?q=inurl%3Adtxfzy.top+OR+inurl%3Aytqjmz.top+OR+inurl%3Auoigvc.top+OR+inurl%3Axpqctf.top+OR+inurl%3Aeujzwg.top+OR+inurl%3Abznwmq.top+OR+inurl%3Amvgyxs.top+OR+inurl%3Axbrjqn.top&tbm=nws,Not Found,0,
https://www.google.bg/search?q=inurl%3Amqboha.top+OR+inurl%3Awsayji.top+OR+inurl%3Apcqrbl.top+OR+inurl%3Aapknqb.top+OR+inurl%3Amuyrfl.top+OR+inurl%3Auksxpd.top+OR+inurl%3Auxztpd.top+OR+inurl%3Atmabyz.top&tbm=nws,Not Found,0,
https://www.google.com.bh/search?q=inurl%3Akkys86.xyz+OR+inurl%3Akkys51.xyz+OR+inurl%3Akkys84.xyz+OR+inurl%3Akkys50.xyz+OR+inurl%3Akkys82.xyz+OR+inurl%3Akkys49.xyz+OR+inurl%3Akkys80.xyz+OR+inurl%3Akkys48.xyz&tbm=nws,Not Found,0,
https://www.google.bj/search?q=inurl%3Ayknwhr.top+OR+inurl%3Afesjin.top+OR+inurl%3Agrudcp.top+OR+inurl%3Afrsqpl.top+OR+inurl%3Amxdzah.top+OR+inurl%3Aokijda.top+OR+inurl%3Atikdrx.top+OR+inurl%3Ainljeb.top&tbm=nws,Not Found,0,
https://www.google.bj/search?q=inurl%3Akkys70.xyz+OR+inurl%3Akkys43.xyz+OR+inurl%3Akkys68.xyz+OR+inurl%3Akkys42.xyz+OR+inurl%3Akkys66.xyz+OR+inurl%3Akkys41.xyz+OR+inurl%3Akkys64.xyz+OR+inurl%3Akkys40.xyz&tbm=nws,Not Found,0,
https://www.google.bi/search?q=inurl%3Adalgrj.top+OR+inurl%3Atnhigr.top+OR+inurl%3Aqfzgxt.top+OR+inurl%3Azrhtnc.top+OR+inurl%3Aglzctw.top+OR+inurl%3Abvhdgi.top+OR+inurl%3Ausarfy.top+OR+inurl%3Agayqjw.top&tbm=nws,Not Found,0,
https://www.google.com.bo/search?q=inurl%3Ahbsjwn.top+OR+inurl%3Adfkxhz.top+OR+inurl%3Apyfzst.top+OR+inurl%3Apkxqic.top+OR+inurl%3Aiuldeg.top+OR+inurl%3Aujfgdt.top+OR+inurl%3Aqputlk.top+OR+inurl%3Arkfwus.top&tbm=nws,Not Found,0,
https://www.google.bi/search?q=inurl%3Akkys78.xyz+OR+inurl%3Akkys47.xyz+OR+inurl%3Akkys76.xyz+OR+inurl%3Akkys46.xyz+OR+inurl%3Akkys74.xyz+OR+inurl%3Akkys45.xyz+OR+inurl%3Akkys72.xyz+OR+inurl%3Akkys44.xyz&tbm=nws,Not Found,0,
https://www.google.com.bn/search?q=inurl%3Aqprbew.top+OR+inurl%3Agvxkyd.top+OR+inurl%3Alveprf.top+OR+inurl%3Abrqdzn.top+OR+inurl%3Aafbnmw.top+OR+inurl%3Asukmrc.top+OR+inurl%3Aedhrnx.top+OR+inurl%3Amxgdck.top&tbm=nws,Not Found,0,
https://www.google.bj/search?q=inurl%3Avbitworld.com+OR+inurl%3Avbitreview.com+OR+inurl%3Avbitcrypto.com+OR+inurl%3Ajhiafwlnl.xyz+OR+inurl%3Aheit.top+OR+inurl%3Afunsnoou.xyz+OR+inurl%3Aiysinqbh.xyz+OR+inurl%3Anljowit.xyz&tbm=nws,Not Found,0,
https://www.google.com.bn/search?q=inurl%3Amediaeast.club+OR+inurl%3Artmgcua.xyz+OR+inurl%3Alkeeazaz.xyz+OR+inurl%3Aqbujhof.xyz+OR+inurl%3Aprqaodnqk.xyz+OR+inurl%3Aiqlaywaws.xyz+OR+inurl%3Aajyzadabp.xyz+OR+inurl%3Afcmpj.top&tbm=nws,Not Found,0,
https://www.google.bf/search?q=inurl%3Abmcwlsnx.top+OR+inurl%3Aptwrvipa.top+OR+inurl%3Amkwvjzyj.top+OR+inurl%3Aamhvdwbg.xyz+OR+inurl%3Anthkrydb.xyz+OR+inurl%3Aodtnpvla.xyz+OR+inurl%3Afmckqsdl.xyz+OR+inurl%3Aucvkidry.xyz&tbm=nws,Not Found,0,
https://www.google.be/search?q=inurl%3Amarcopolointerpreter.com+OR+inurl%3Avbitlegacy.com+OR+inurl%3Avbitleader.com+OR+inurl%3Aeastbaytools.com+OR+inurl%3Aharveymind.com+OR+inurl%3Acauc.cc+OR+inurl%3Artybtpus.top+OR+inurl%3Ahkspbnpq.top&tbm=nws,Not Found,0,
https://www.google.bg/search?q=inurl%3Akkys79.xyz+OR+inurl%3Akkys17.xyz+OR+inurl%3Akkys18.xyz+OR+inurl%3Akkys19.xyz+OR+inurl%3Akkys21.xyz+OR+inurl%3Akkys20.xyz+OR+inurl%3Akkys23.xyz+OR+inurl%3Akkys22.xyz&tbm=nws,Not Found,0,
https://www.google.com.bh/search?q=inurl%3Akkys95.xyz+OR+inurl%3Akkys87.xyz+OR+inurl%3Akkys63.xyz+OR+inurl%3Akkys59.xyz+OR+inurl%3Akkys71.xyz+OR+inurl%3Akkys67.xyz+OR+inurl%3Akkys75.xyz&tbm=nws,Not Found,0,
https://www.google.com.bn/search?q=inurl%3Akkys62.xyz+OR+inurl%3Akkys39.xyz+OR+inurl%3Akkys60.xyz+OR+inurl%3Akkys38.xyz+OR+inurl%3Akkys16.xyz+OR+inurl%3Akkys37.xyz+OR+inurl%3Akkys97.xyz+OR+inurl%3Akkys36.xyz&tbm=nws,Not Found,0,
https://www.google.bg/search?q=inurl%3Ametzexceptional.com+OR+inurl%3Acardanope.com+OR+inurl%3Aseeksave.club+OR+inurl%3Anastaviti.com+OR+inurl%3Ahuirong88.cc+OR+inurl%3A8848nav.com+OR+inurl%3Ageopatent.xyz+OR+inurl%3Ahuangyun.top&tbm=nws,Not Found,0,
https://www.google.bi/search?q=inurl%3Ayifenkuai.com+OR+inurl%3Aaoliumenlaw.com+OR+inurl%3Azzxyaz.com+OR+inurl%3Aproaoliumen.com+OR+inurl%3Axyazshi.com+OR+inurl%3Aaoliutech.com+OR+inurl%3Aliuamxz.com+OR+inurl%3Aaoliumentalks.com&tbm=nws,Not Found,0,
https://www.google.com.bh/search?q=inurl%3Amt88.top+OR+inurl%3Aeversmall.club+OR+inurl%3Azlyc.xyz+OR+inurl%3Aqc418.com+OR+inurl%3Aksanyif.com+OR+inurl%3Aaoliumenuni.com+OR+inurl%3Aksyfgw9.com+OR+inurl%3Aaoliumen.com&tbm=nws,Not Found,0,
https://www.google.bg/search?q=inurl%3Adjpwdmci.xyz+OR+inurl%3Amobjrxuy.xyz+OR+inurl%3Athepitwallblog.com+OR+inurl%3Aoneuptalon.xyz+OR+inurl%3Agkfitxlb.xyz+OR+inurl%3Agreentechservicesbd.com+OR+inurl%3Awegfreh.club+OR+inurl%3Abiofan.xyz&tbm=nws,Not Found,0,
https://www.google.com.bo/search?q=inurl%3A10000flowers.com+OR+inurl%3Afu9944.com+OR+inurl%3Afu5544.com+OR+inurl%3Afu4422.com+OR+inurl%3Afu2244.com+OR+inurl%3Afa3366.com+OR+inurl%3Alovelingzhi.com+OR+inurl%3Aoutdoorhot.shop&tbm=nws,Not Found,0,
https://www.google.bf/search?q=inurl%3Axkjpuberu.fit+OR+inurl%3Aqwetrwud.xyz+OR+inurl%3Acfbujcjw.xyz+OR+inurl%3Ahnkhlenj.xyz+OR+inurl%3Avpvzamtf.xyz+OR+inurl%3Ahkrcakvy.xyz+OR+inurl%3Auboqfodd.xyz+OR+inurl%3Adhairgva.xyz&tbm=nws,Not Found,0,
https://www.google.bi/search?q=inurl%3Acoconut-viral.shop+OR+inurl%3Aspyreactor.club+OR+inurl%3Aecomzap.com+OR+inurl%3Aonresolute.club+OR+inurl%3Ahawaiitag.com+OR+inurl%3Ahawaiisunny.com+OR+inurl%3Aqa138.xyz&tbm=nws,Not Found,0,
https://www.google.be/search?q=inurl%3Akkys77.xyz+OR+inurl%3Akkys31.xyz+OR+inurl%3Akkys73.xyz+OR+inurl%3Akkys30.xyz+OR+inurl%3Akkys69.xyz+OR+inurl%3Akkys29.xyz+OR+inurl%3Akkys65.xyz+OR+inurl%3Akkys28.xyz&tbm=nws,Not Found,0,
https://www.google.com.bn/search?q=inurl%3Avodjlgvy.top+OR+inurl%3Aexapfzbc.top+OR+inurl%3Avjuczavl.xyz+OR+inurl%3Akyxwpicy.xyz+OR+inurl%3Adxfrhrba.xyz+OR+inurl%3Abehnpjev.xyz+OR+inurl%3Aloqjupol.xyz+OR+inurl%3Auoowjnjz.xyz&tbm=nws,Not Found,0,
https://www.google.bj/search?q=inurl%3Aliukcgf.com+OR+inurl%3Aaoliumendris.com+OR+inurl%3Alamzxrj.com+OR+inurl%3Aaoliumenpoly.com+OR+inurl%3Akai6agfw.com+OR+inurl%3Aaoliupro.com+OR+inurl%3Aaoliucncp.com+OR+inurl%3Ayizhiyouxi8.com&tbm=nws,Not Found,0,
https://www.google.com.bo/search?q=inurl%3Ayingxinhui.com+OR+inurl%3Asansenkj.com+OR+inurl%3Alnzhuangbei.com+OR+inurl%3Afenysan.com+OR+inurl%3Ajsazxy.com+OR+inurl%3Aamlhcz.com+OR+inurl%3Akai6xz.com+OR+inurl%3Aliukaitai.com&tbm=nws,Searched and Not Found,0,
https://www.google.bj/search?q=inurl%3Afrancmy.com+OR+inurl%3Afreecareboth.top+OR+inurl%3Amissbyheat.top+OR+inurl%3Amojoshort.buzz+OR+inurl%3Arelationlove.xyz+OR+inurl%3Ahealthcurelife.xyz+OR+inurl%3Ajvcovtrh.top+OR+inurl%3Apcgfaqot.top&tbm=nws,Not Found,0,
https://www.google.be/search?q=inurl%3Agandhar.net+OR+inurl%3Abookhotelnow.net+OR+inurl%3Awebsitesetupwiz.com+OR+inurl%3Afullproxy.xyz+OR+inurl%3Amanusmith.com+OR+inurl%3Aamity.monster+OR+inurl%3Azopiter80.buzz+OR+inurl%3Areceptiondeskhotel.com&tbm=nws,Not Found,0,
https://www.google.bf/search?q=inurl%3Akkys61.xyz+OR+inurl%3Akkys27.xyz+OR+inurl%3Akkys99.xyz+OR+inurl%3Akkys26.xyz+OR+inurl%3Akkys91.xyz+OR+inurl%3Akkys25.xyz+OR+inurl%3Akkys83.xyz+OR+inurl%3Akkys24.xyz&tbm=nws,Not Found,0,
https://www.google.bf/search?q=inurl%3Areceptiondesksalon.com+OR+inurl%3Agymreceptiondesk.com+OR+inurl%3Amedicalreceptiondesk.com+OR+inurl%3Areceptiondeskspa.com+OR+inurl%3Aclinicreceptiondesk.com+OR+inurl%3Adentalreceptiondesk.com+OR+inurl%3Astonereceptiondesk.com+OR+inurl%3A56shy.nl&tbm=nws,Not Found,0,
https://www.google.com.bo/search?q=inurl%3Ayisdomxdj.icu+OR+inurl%3Auowmnsds.icu+OR+inurl%3Aiopsmxjda.icu+OR+inurl%3Aopurtnsdqr.icu+OR+inurl%3Apithsndw.icu+OR+inurl%3Aawuemdmv.icu+OR+inurl%3Asutnsdmxq.icu+OR+inurl%3Adytjwejio.icu&tbm=nws,Not Found,0,
https://www.google.be/search?q=inurl%3Affuynmjjqx.icu+OR+inurl%3Agxmmvcn.icu+OR+inurl%3Ahutmnxxm.icu+OR+inurl%3Ajqkaitncjhv.icu+OR+inurl%3Akndjwundn.icu+OR+inurl%3Alonvhdg.icu+OR+inurl%3Azutndfh.icu+OR+inurl%3Akhuramsheikh.com&tbm=nws,Not Found,0,
https://www.google.com.bn/search?q=inurl%3Astrongshopping.top+OR+inurl%3Athinshopping.top+OR+inurl%3Ahaggardshopping.top+OR+inurl%3Athickshopping.top+OR+inurl%3Anewhelio.xyz+OR+inurl%3Agalvanizedbook.com+OR+inurl%3Aqdsnsdjdmae.icu+OR+inurl%3Awegcfdx.icu&tbm=nws,Not Found,0,
https://www.google.be/search?q=inurl%3Azj6apt.com+OR+inurl%3A6kaipt.com+OR+inurl%3A18seqing.top+OR+inurl%3A7qiye.top+OR+inurl%3A9yzj.top+OR+inurl%3A2012cao.top+OR+inurl%3A1ri1se.top+OR+inurl%3Aj8ok.top&tbm=nws,Not Found,0,
https://www.google.bi/search?q=inurl%3Aodfkdgd9g5f6d-fd6f5d6g5dg6df.fit+OR+inurl%3Aqwedf5s96c-s6cs5df6sd5fsdf.fit+OR+inurl%3Abutsoundmark.top+OR+inurl%3Abroughtguesskeep.top+OR+inurl%3Amortimery.com+OR+inurl%3Amontaguellc.com+OR+inurl%3Afabrong.com&tbm=nws,Not Found,0,
https://www.google.com.bh/search?q=inurl%3A36shy.nl+OR+inurl%3A69shy.nl+OR+inurl%3A34shy.nl+OR+inurl%3A67shy.nl+OR+inurl%3A32shy.nl+OR+inurl%3A66shy.nl+OR+inurl%3A78shy.nl+OR+inurl%3A58shy.nl&tbm=nws,Not Found,0,
https://www.google.com.bh/search?q=inurl%3Afayouyou.top+OR+inurl%3Ayjdrh.live+OR+inurl%3Abx019.xyz+OR+inurl%3Atransfercc.xyz+OR+inurl%3Awatertotalyard.top+OR+inurl%3Atyeuiehfe8f65sf59sef5s6ef5.fit+OR+inurl%3Aasdfghsf6e5sf6f26s5f-sd65f.fit&tbm=nws,Not Found,0,
https://www.google.com.bo/search?q=inurl%3Akkys93.xyz+OR+inurl%3Akkys35.xyz+OR+inurl%3Akkys89.xyz+OR+inurl%3Akkys34.xyz+OR+inurl%3Akkys85.xyz+OR+inurl%3Akkys33.xyz+OR+inurl%3Akkys81.xyz+OR+inurl%3Akkys32.xyz&tbm=nws,Not Found,0,
https://www.google.bi/search?q=inurl%3A59shy.nl+OR+inurl%3A60shy.nl+OR+inurl%3A64shy.nl+OR+inurl%3A63shy.nl+OR+inurl%3A33shy.nl+OR+inurl%3A65shy.nl+OR+inurl%3A37shy.nl+OR+inurl%3A35shy.nl&tbm=nws,Not Found,0,
https://www.google.bg/search?q=inurl%3A46shy.nl+OR+inurl%3A76shy.nl+OR+inurl%3A43shy.nl+OR+inurl%3A75shy.nl+OR+inurl%3A41shy.nl+OR+inurl%3A74shy.nl+OR+inurl%3A38shy.nl+OR+inurl%3A72shy.nl&tbm=nws,Not Found,0,
https://www.google.bg/search?q=inurl%3Ajohncourt.info+OR+inurl%3Ainvizzo.net+OR+inurl%3Asummersbookblog.com+OR+inurl%3Astandardrecorder.com+OR+inurl%3Aclashofkingsgame.net+OR+inurl%3Aavenir-voyage.com+OR+inurl%3Amuratliziraatodasi.org&tbm=nws,Not Found,0,
https://www.google.be/search?q=inurl%3A128qihu.com+OR+inurl%3A132qihu.com+OR+inurl%3A131qihu.com+OR+inurl%3Acoreyplaces.com+OR+inurl%3Adrhoona.com+OR+inurl%3Ahibakutaisaku.net+OR+inurl%3Ateamaztec.club+OR+inurl%3Aflashpotmoments.com&tbm=nws,Not Found,0,
https://www.google.com.bh/search?q=inurl%3Aemailhelplinenumbers.com+OR+inurl%3Acat-portal.org+OR+inurl%3Aenixgamer.com+OR+inurl%3Agoodabyu.com+OR+inurl%3Axiaohaitun.shop+OR+inurl%3Ameandcliffs.info+OR+inurl%3Acommad.buzz&tbm=nws,Not Found,0,
https://www.google.com.bn/search?q=inurl%3Atorriefuller.com+OR+inurl%3Awuyangshiye.com+OR+inurl%3Axykszy.com+OR+inurl%3Apillowny.com+OR+inurl%3Aoxfli.com+OR+inurl%3Ajandthebees.com+OR+inurl%3Axiraji21.com+OR+inurl%3Anewtechrun.com&tbm=nws,Not Found,0,
https://www.google.bg/search?q=inurl%3Agt7qd5.icu+OR+inurl%3A1eja44.icu+OR+inurl%3Atydljh.monster+OR+inurl%3Aczyun.cc+OR+inurl%3Anivhjphf.surf+OR+inurl%3Aajstocking.top+OR+inurl%3Al1h4os.icu+OR+inurl%3Ar1gykl.club&tbm=nws,Not Found,0,
https://www.google.com.bh/search?q=inurl%3A0qu6zl.monster+OR+inurl%3A40bsb4.monster+OR+inurl%3Aqez3uy.xyz+OR+inurl%3Abigaccess.club+OR+inurl%3Alz4ios.cloud+OR+inurl%3Agzz06j.cloud+OR+inurl%3A23u1gm.xyz+OR+inurl%3A62jd2p.monster&tbm=nws,Not Found,0,
https://www.google.bj/search?q=inurl%3A51p18.xyz+OR+inurl%3Adkz8bp.icu+OR+inurl%3Ahnjpama.co+OR+inurl%3A51g12.xyz+OR+inurl%3Am9ebrh.icu+OR+inurl%3A91peng18.xyz+OR+inurl%3A17av15.xyz+OR+inurl%3Aivscore250.com&tbm=nws,Not Found,0,
https://www.google.com.bn/search?q=inurl%3Aoxxav14.xyz+OR+inurl%3A7uu12.xyz+OR+inurl%3A2xav17.xyz+OR+inurl%3A91xx15.xyz+OR+inurl%3Ams26.xyz+OR+inurl%3Acronamovement.com+OR+inurl%3Ablueprintroslyn.com+OR+inurl%3Awinclearly.buzz&tbm=nws,Not Found,0,
https://www.google.com.bo/search?q=inurl%3Awealthosity.com+OR+inurl%3Amyshopus.shop+OR+inurl%3Ashopus.shop+OR+inurl%3Amyuas.shop+OR+inurl%3Ausfreeshipping.shop+OR+inurl%3Afreeship.store+OR+inurl%3Amyfreeshipping.shop+OR+inurl%3Ajunitaonesource.com&tbm=nws,Not Found,0,
https://www.google.bf/search?q=inurl%3Ahgiittjyhjhj76werweue0sd6f5.fit+OR+inurl%3Aofjgdg65df6df-sdf5sd4f8sdfw.fit+OR+inurl%3Abnm65t8y45-gdrtrd4d-df6gd5.fit+OR+inurl%3Ainterasher.xyz+OR+inurl%3Axdodo.xyz+OR+inurl%3Anbbjsw.shop&tbm=nws,Not Found,0,
https://www.google.bj/search?q=inurl%3A42shy.nl+OR+inurl%3A39shy.nl+OR+inurl%3A57shy.nl+OR+inurl%3A45shy.nl+OR+inurl%3Acomharbor.xyz+OR+inurl%3Aybjoxuvb.quest+OR+inurl%3Apcmonument.buzz+OR+inurl%3Abjblog.top&tbm=nws,Not Found,0,
https://www.google.bf/search?q=inurl%3Agoodmorningimages.info+OR+inurl%3Alopinavirritonavirg.com+OR+inurl%3Amarkethackerschallenge.com+OR+inurl%3Aoecnhs.info+OR+inurl%3Athecutecube.com+OR+inurl%3Abenhvienthammyjw.com+OR+inurl%3Asystemmontessori.org+OR+inurl%3Avovinamthanhhoa.org&tbm=nws,Not Found,0,
https://www.google.bi/search?q=inurl%3Anzpma9.buzz+OR+inurl%3Aebssul.xyz+OR+inurl%3A18r16.xyz+OR+inurl%3Ahvdulq.monster+OR+inurl%3Axyg42.xyz+OR+inurl%3Atmago4.top+OR+inurl%3Amoav14.xyz+OR+inurl%3Agpyesz.cyou&tbm=nws,Not Found,0,
https://www.google.com.bo/search?q=inurl%3Atmb3.top+OR+inurl%3Aoutslide.xyz+OR+inurl%3Amj175.xyz+OR+inurl%3Atipoup90.top+OR+inurl%3Azopiter80.top+OR+inurl%3Afertin70.top+OR+inurl%3Aremikiy60.top+OR+inurl%3Aahrwqo70.top&tbm=nws,Not Found,0,
https://www.google.be/search?q=inurl%3Azmvip.xyz+OR+inurl%3Ashellwherecard.top+OR+inurl%3Acallnorthcan.top+OR+inurl%3Awinterleadenter.top+OR+inurl%3Asolotema.com+OR+inurl%3Ageojaguar.xyz+OR+inurl%3Astoneislandeu.com+OR+inurl%3Aavatradefx.pw&tbm=nws,Not Found,0,
https://www.google.com.bn/search?q=inurl%3Anisaacollection.com+OR+inurl%3Asdgs2030agenda.org+OR+inurl%3Anbxdysc.xyz+OR+inurl%3Amx666.top+OR+inurl%3Ablackholo.club+OR+inurl%3Aregsg.icu+OR+inurl%3Ayrnsb.cyou+OR+inurl%3Anhtsb.work&tbm=nws,Not Found,0,
https://www.google.bi/search?q=inurl%3Awelovecamping.info+OR+inurl%3Aaa1m.top+OR+inurl%3Aaa5x.top+OR+inurl%3Aaa4r.top+OR+inurl%3Aaa5v.top+OR+inurl%3Aaa4q.top+OR+inurl%3Aaa5t.top+OR+inurl%3Aaa4p.top&tbm=nws,Not Found,0,
https://www.google.com.bo/search?q=inurl%3Aewafc.icu+OR+inurl%3Anbrsb.club+OR+inurl%3Aewafb.club+OR+inurl%3Aname.archi+OR+inurl%3Amaahilk.com+OR+inurl%3Aabybestu.com+OR+inurl%3Apresentlocatethrow.top+OR+inurl%3Adictionarykillshore.top&tbm=nws,Not Found,0,
https://www.google.com.bh/search?q=inurl%3Afoodindigo.buzz+OR+inurl%3Atm7bg3.cloud+OR+inurl%3Adilyadev.fun+OR+inurl%3A09zfx4.cyou+OR+inurl%3Aiotiky.cloud+OR+inurl%3Acrchelpline.org+OR+inurl%3Atoheselue.com+OR+inurl%3A3kumbara.org&tbm=nws,Not Found,0,
https://www.google.bi/search?q=inurl%3Aspotlightvalues.org+OR+inurl%3Afruits-legumes-lr.com+OR+inurl%3Ahillaryseyes.com+OR+inurl%3A8lxd53.cyou+OR+inurl%3Adbmolds.com+OR+inurl%3Abrwlg1.cloud+OR+inurl%3Awruio6.cyou&tbm=nws,Not Found,0,
https://www.google.bj/search?q=inurl%3Ahle87.cc+OR+inurl%3Ahle86.cc+OR+inurl%3Ahle89.cc+OR+inurl%3Ahle88.cc+OR+inurl%3Ahle92.cc+OR+inurl%3Ahle91.cc+OR+inurl%3Aclifgoldfz.com+OR+inurl%3Acrypto4664.com&tbm=nws,Not Found,0,
https://www.google.com.bo/search?q=inurl%3Acitynobull.xyz+OR+inurl%3Aanvodada.com+OR+inurl%3Atgfezm.top+OR+inurl%3Ayhgfed.top+OR+inurl%3Ajurenmai.top+OR+inurl%3Aproright.xyz+OR+inurl%3Adirectlistoh.top+OR+inurl%3Ausfatherinch.top&tbm=nws,Not Found,0,
https://www.google.com.bn/search?q=inurl%3Agemonly.xyz+OR+inurl%3Amonsterbean.finance+OR+inurl%3Ablh58.com+OR+inurl%3Aimagebuildblog.com+OR+inurl%3Amyaipower.uk+OR+inurl%3Ahrmbag.com+OR+inurl%3Avwjewelery.com+OR+inurl%3Avivienneswestwoods.com&tbm=nws,Not Found,0,
https://www.google.com.bo/search?q=inurl%3Aaa5b.top+OR+inurl%3Aaa4g.top+OR+inurl%3Aaa4z.top+OR+inurl%3Aaa4f.top+OR+inurl%3Aaa4x.top+OR+inurl%3Aaa4e.top+OR+inurl%3Aaa4v.top+OR+inurl%3Aaa4d.top&tbm=nws,Not Found,0,
https://www.google.bj/search?q=inurl%3Aaa5r.top+OR+inurl%3Aaa4o.top+OR+inurl%3Aaa5p.top+OR+inurl%3Aaa4n.top+OR+inurl%3Aaa5n.top+OR+inurl%3Aaa4m.top+OR+inurl%3Aaa5l.top+OR+inurl%3Aaa4l.top&tbm=nws,Not Found,0,
https://www.google.bi/search?q=inurl%3Aaa5s.top+OR+inurl%3Aaa5o.top+OR+inurl%3Asdtcm.quest+OR+inurl%3Ahle81.cc+OR+inurl%3Ahle82.cc+OR+inurl%3Ahle83.cc+OR+inurl%3Ahle84.cc+OR+inurl%3Ahle85.cc&tbm=nws,Not Found,0,
https://www.google.bf/search?q=inurl%3Ahl8ig.site+OR+inurl%3Ahl8promosi.xyz+OR+inurl%3Asukses222.xyz+OR+inurl%3Ahl8ig.top+OR+inurl%3Adzlam6.xyz+OR+inurl%3Abz09em.top+OR+inurl%3Arichking.xyz+OR+inurl%3Az09zv9.monster&tbm=nws,Not Found,0,
https://www.google.bj/search?q=inurl%3A8d2vvn.monster+OR+inurl%3Ar81979.top+OR+inurl%3Av31o6f.cyou+OR+inurl%3Agermanexperts.eu+OR+inurl%3Agermanexpert.eu+OR+inurl%3Afoolands.com+OR+inurl%3Abecomeskinnyme.com+OR+inurl%3Amgliuxury.com&tbm=nws,Not Found,0,
https://www.google.be/search?q=inurl%3Aaa4t.top+OR+inurl%3Aaa4c.top+OR+inurl%3Aaa1q.top+OR+inurl%3Aaa4b.top+OR+inurl%3Aaa5u.top+OR+inurl%3Aaa4a.top+OR+inurl%3Aaa5q.top+OR+inurl%3Aaa3z.top&tbm=nws,Not Found,0,
https://www.google.bf/search?q=inurl%3Aaa5m.top+OR+inurl%3Aaa3y.top+OR+inurl%3Aaa5i.top+OR+inurl%3Aaa3x.top+OR+inurl%3Aaa5e.top+OR+inurl%3Aaa3w.top+OR+inurl%3Aaa5a.top+OR+inurl%3Aaa3v.top&tbm=nws,Not Found,0,
https://www.google.bg/search?q=inurl%3Afbqxzz.icu+OR+inurl%3Awdmjp7.buzz+OR+inurl%3Azzjk85.top+OR+inurl%3A2rp6h3.buzz+OR+inurl%3Avenfvx.xyz+OR+inurl%3Ahuk8zh.icu+OR+inurl%3Aestateguru.us+OR+inurl%3A9pwoho.cyou&tbm=nws,Not Found,0,
https://www.google.com.bn/search?q=inurl%3Aaa5j.top+OR+inurl%3Aaa4k.top+OR+inurl%3Aaa5h.top+OR+inurl%3Aaa4j.top+OR+inurl%3Aaa5f.top+OR+inurl%3Aaa4i.top+OR+inurl%3Aaa5d.top+OR+inurl%3Aaa4h.top&tbm=nws,Not Found,0,
https://www.google.bf/search?q=inurl%3Akunyithitam-kandadinda.online+OR+inurl%3Asms-insta.online+OR+inurl%3Aefficientexpresstransportservice.com+OR+inurl%3Aepicfinal.xyz+OR+inurl%3Aaitsuki.xyz+OR+inurl%3Ataylormademalls.buzz+OR+inurl%3Ataylormademalls.site&tbm=nws,Not Found,0,
https://www.google.bi/search?q=inurl%3Auniversalkeywriters.site+OR+inurl%3Alf-driscoll.xyz+OR+inurl%3Atworiversprojects.com+OR+inurl%3Aqwerewrewertyr.com+OR+inurl%3Agomood.store+OR+inurl%3Amechanichazel.com+OR+inurl%3Adeneshka.tech&tbm=nws,Not Found,0,
https://www.google.be/search?q=inurl%3Acopyhourparty.top+OR+inurl%3Avessaserumofficialhq.com+OR+inurl%3Aodknice.com+OR+inurl%3Aeachoftennote.top+OR+inurl%3Aatomoceantown.top+OR+inurl%3Apelitupmukaeksklusif.com+OR+inurl%3Anotitles.xyz&tbm=nws,Not Found,0,
https://www.google.bj/search?q=inurl%3Aswaniawski-resident.com+OR+inurl%3Agrouphatch.club+OR+inurl%3Aabartagroproducts.com+OR+inurl%3Ainnohike.pw+OR+inurl%3Anuovoshift.cc+OR+inurl%3Alaxab.cc+OR+inurl%3Aaudio-flurry.cc&tbm=nws,Not Found,0,
https://www.google.com.bh/search?q=inurl%3A69819011.com+OR+inurl%3A69819111.com+OR+inurl%3A69819112.com+OR+inurl%3Adzddjhx.surf+OR+inurl%3Aspeedwaysafetyequipment.com+OR+inurl%3Achainreact.top+OR+inurl%3Aturner-now.xyz&tbm=nws,Not Found,0,
https://www.google.bg/search?q=inurl%3Ataylormademalls.online+OR+inurl%3A6981977.cc+OR+inurl%3A6981907.cc+OR+inurl%3A6981977.net+OR+inurl%3A6981907.net+OR+inurl%3A6981966.vip+OR+inurl%3A6981906.net+OR+inurl%3A6981966.net&tbm=nws,Not Found,0,
https://www.google.com.bo/search?q=inurl%3Amarketedo.info+OR+inurl%3Aauto-zola.top+OR+inurl%3Ageneralst.top+OR+inurl%3Asippod.top+OR+inurl%3Afonehealer.pw+OR+inurl%3Adatasigura.info+OR+inurl%3Avividpanda.pw&tbm=nws,Not Found,0,
https://www.google.be/search?q=inurl%3Agamingkin.top+OR+inurl%3Adeneshka.space+OR+inurl%3Aattorneysustainable.com+OR+inurl%3Athemesveterinarydoctor.com+OR+inurl%3Adeneshka.website+OR+inurl%3A9bbb.tv+OR+inurl%3Amangacam.com+OR+inurl%3Aetsyofficial.com&tbm=nws,Not Found,0,
https://www.google.com.bh/search?q=inurl%3Aaa3q.top+OR+inurl%3Aaa3o.top+OR+inurl%3Aaa4u.top+OR+inurl%3Aaa3s.top+OR+inurl%3Aaa5c.top+OR+inurl%3Aaa4y.top+OR+inurl%3Aaa5k.top+OR+inurl%3Aaa5g.top&tbm=nws,Not Found,0,
https://www.google.bf/search?q=inurl%3Aetsyglobalstore.com+OR+inurl%3Aetsychoice.com+OR+inurl%3Aetsydiary.com+OR+inurl%3Aetsycollection.com+OR+inurl%3Aetsygardening.com+OR+inurl%3Aetsyhandcraft.com+OR+inurl%3Awebacademy.buzz+OR+inurl%3Aqilin.best&tbm=nws,Not Found,0,
https://www.google.com.bh/search?q=inurl%3A883549.cc+OR+inurl%3A863338.cc+OR+inurl%3A856353.cc+OR+inurl%3A842379.cc+OR+inurl%3A824846.cc+OR+inurl%3A815895.cc+OR+inurl%3A696434.cc+OR+inurl%3A942493.cc&tbm=nws,Not Found,0,
https://www.google.com.bn/search?q=inurl%3Amaxo-smart.cc+OR+inurl%3Abroadtale.top+OR+inurl%3Aslackerella.cc+OR+inurl%3Alaces-simple.info+OR+inurl%3Atru-bit-group.info+OR+inurl%3Acrackzon.top&tbm=nws,Not Found,0,
https://www.google.bg/search?q=inurl%3Avalyoufurniture.shop+OR+inurl%3Afoodarmada.club+OR+inurl%3Akiemtien.city+OR+inurl%3Ayetihome.cc+OR+inurl%3Adigitalgoldcryptostock.net+OR+inurl%3Acheaptop.buzz+OR+inurl%3A121733.cc+OR+inurl%3A915357.cc&tbm=nws,Not Found,0,
https://www.google.com.bo/search?q=inurl%3Awonderfullong.com+OR+inurl%3Abrightpretty.com+OR+inurl%3Apleasantelegant.com+OR+inurl%3Aactivegorgeous.com+OR+inurl%3Aromanticyoung.com+OR+inurl%3Asmileashion.com+OR+inurl%3Ahospifancy.com+OR+inurl%3Alongforge.com&tbm=nws,Not Found,0,
https://www.google.be/search?q=inurl%3Asparkimprint.com+OR+inurl%3Aheartbeattidy.com+OR+inurl%3Amomentpleasant.com+OR+inurl%3Abrightlazily.com+OR+inurl%3Asunnylazily.com+OR+inurl%3Aricesunny.com+OR+inurl%3Ahospifriryrose.com+OR+inurl%3Asmileytable.com&tbm=nws,Not Found,0,
https://www.google.bi/search?q=inurl%3A666744.cc+OR+inurl%3A646115.cc+OR+inurl%3A144784.cc+OR+inurl%3A383251.cc+OR+inurl%3A424969.cc+OR+inurl%3A481948.cc+OR+inurl%3A427329.cc+OR+inurl%3A131535.cc&tbm=nws,Not Found,0,
https://www.google.bf/search?q=inurl%3Afireflywhisper.com+OR+inurl%3Apleasantfancy.com+OR+inurl%3Aheartbeattwinkle.com+OR+inurl%3Amomentsweet.com+OR+inurl%3Atrendstwinkle.com+OR+inurl%3Alazilyactive.com+OR+inurl%3Adreamlandwonderful.com+OR+inurl%3Apursuitromantic.com&tbm=nws,Not Found,0,
https://www.google.com.bn/search?q=inurl%3Aheartbeatyoung.com+OR+inurl%3Adawntable.com+OR+inurl%3Alongsmiley.com+OR+inurl%3Aromanticlong.com+OR+inurl%3Aromantichospi.com+OR+inurl%3Atidylovely.com+OR+inurl%3Agstorestarry.com+OR+inurl%3Afancylovely.com&tbm=nws,Not Found,0,
https://www.google.com.bh/search?q=inurl%3Aromanticfriryrose.com+OR+inurl%3Aromanticnobel.com+OR+inurl%3Agorgeouswarm.com+OR+inurl%3Avausielaosegvaepasees.pw+OR+inurl%3Abillogram.us+OR+inurl%3Abaselstadtcourt.eu+OR+inurl%3A235654.com+OR+inurl%3A262651.net&tbm=nws,Not Found,0,
https://www.google.bg/search?q=inurl%3Adreamlandplanet.com+OR+inurl%3Apleasantgorgeous.com+OR+inurl%3Aforeseeactive.com+OR+inurl%3Aeternalfirefly.com+OR+inurl%3Abrightromantic.com+OR+inurl%3Apioneerhappy.com+OR+inurl%3Abillogram.uk+OR+inurl%3Aricemoment.com&tbm=nws,Not Found,0,
https://www.google.bj/search?q=inurl%3A565895.cc+OR+inurl%3A963957.cc+OR+inurl%3Axixixixi20190913.xyz+OR+inurl%3Asaycourier.buzz+OR+inurl%3Atrekhome.cc+OR+inurl%3Abest-eternal.com+OR+inurl%3Ariceelegant.com&tbm=nws,Not Found,0,
https://www.google.bi/search?q=inurl%3Adazzlingteam.uk+OR+inurl%3Abrightgoal.uk+OR+inurl%3Abrightreviews.uk+OR+inurl%3Abrightpro.uk+OR+inurl%3Agetclevercompany.uk+OR+inurl%3Aweisspbonline.com+OR+inurl%3Ahoomuoo.xyz&tbm=nws,Not Found,0,
https://www.google.com.bo/search?q=inurl%3Aitesfashions.com+OR+inurl%3Acuritop.top+OR+inurl%3Agestproducts.com+OR+inurl%3Aegisproduct.top+OR+inurl%3Arovihots.com+OR+inurl%3Aesilfashion.shop+OR+inurl%3Aadeproduct.shop+OR+inurl%3Aafordtop.shop&tbm=nws,Not Found,0,
https://www.google.bf/search?q=inurl%3Agreatisit.top+OR+inurl%3Apastalhubs.top+OR+inurl%3Amyofficemail.top+OR+inurl%3Agalatianshub.top+OR+inurl%3Amheszt.top+OR+inurl%3Agoparticle.xyz+OR+inurl%3Apin-acquy.com&tbm=nws,Not Found,0,
https://www.google.be/search?q=inurl%3Avacyhot.top+OR+inurl%3Aearcmarket.shop+OR+inurl%3Avicetops.com+OR+inurl%3Aaforisale.top+OR+inurl%3Aenthsfashion.top+OR+inurl%3Asilotrend.top+OR+inurl%3Ainaoshop.top+OR+inurl%3Ariencmarkets.com&tbm=nws,Not Found,0,
https://www.google.com.bo/search?q=inurl%3A1xbet-010.xyz+OR+inurl%3A1xbet-212.xyz+OR+inurl%3A1xbet-676.xyz+OR+inurl%3A1xbet-868.xyz+OR+inurl%3A1xbet-666.xyz&tbm=nws,Not Found,0,
https://www.google.com.bh/search?q=inurl%3Aiwantpop.xyz+OR+inurl%3Aluxurious-private.surf+OR+inurl%3Adigitalbooks.online+OR+inurl%3Aonedollarfont.com+OR+inurl%3Anft-cubez.store+OR+inurl%3Aeduorchard.club+OR+inurl%3Abs168168.top&tbm=nws,Not Found,0,
https://www.google.bg/search?q=inurl%3Aaa4w.top+OR+inurl%3Aaa3u.top+OR+inurl%3Aaa4s.top+OR+inurl%3Aaa3t.top+OR+inurl%3Aaa5w.top+OR+inurl%3Aaa1v.top+OR+inurl%3Aaa2r.top+OR+inurl%3Aaa3n.top&tbm=nws,Not Found,0,
https://www.google.bj/search?q=inurl%3A13384.uk+OR+inurl%3A13387.uk+OR+inurl%3A13386.uk+OR+inurl%3A13388.uk+OR+inurl%3Abizresolve.xyz+OR+inurl%3Aybgf.cc+OR+inurl%3Asitescreating.xyz+OR+inurl%3Aadmagnum.club&tbm=nws,Not Found,0,
https://www.google.bf/search?q=inurl%3A1xbet-707.xyz+OR+inurl%3A1xbet-787.xyz+OR+inurl%3A1xbet-999.xyz+OR+inurl%3A1xbet-113.xyz+OR+inurl%3A1xbet-313.xyz&tbm=nws,Not Found,0,
https://www.google.bg/search?q=inurl%3Alizifu.vip+OR+inurl%3Astm32learn.xyz+OR+inurl%3Aedricar.com+OR+inurl%3Amhgss.com+OR+inurl%3Anft-online.store+OR+inurl%3Ac3trabong.com+OR+inurl%3Ataramehrabi.com&tbm=nws,Not Found,0,
https://www.google.bg/search?q=inurl%3A1xbet-500.xyz+OR+inurl%3A1xbet-200.xyz+OR+inurl%3A1xbet-901.xyz+OR+inurl%3A1xbet-700.xyz+OR+inurl%3A1xbet-202.xyz&tbm=nws,Not Found,0,
https://www.google.be/search?q=inurl%3A1xbet-878.xyz+OR+inurl%3A1xbet-101.xyz+OR+inurl%3A1xbet-303.xyz+OR+inurl%3A1xbet-505.xyz+OR+inurl%3A1xbet-909.xyz&tbm=nws,Not Found,0,
https://www.google.bi/search?q=inurl%3Aiimportant.club+OR+inurl%3Amostbet-011.xyz+OR+inurl%3Amostbet-122.xyz+OR+inurl%3Amostbet-454.xyz+OR+inurl%3Amostbet-088.xyz&tbm=nws,Not Found,0,
https://www.google.com.bn/search?q=inurl%3A1xbet-501.xyz+OR+inurl%3A1xbet-070.xyz+OR+inurl%3A1xbet-300.xyz+OR+inurl%3A1xbet-060.xyz+OR+inurl%3A1xbet-150.xyz&tbm=nws,Not Found,0,
https://www.google.bf/search?q=inurl%3Atu2021.info+OR+inurl%3Azjsp.cc+OR+inurl%3Asportkartyak.com+OR+inurl%3Awwwjhgf.shop+OR+inurl%3Aforwild.xyz+OR+inurl%3Asolutionpatriot.xyz+OR+inurl%3Aforsierra.xyz+OR+inurl%3Azqtest.cc&tbm=nws,Not Found,0,
https://www.google.com.bn/search?q=inurl%3Abwin-trade.com+OR+inurl%3Aconferencebookkeeper.com+OR+inurl%3Afuugame.top+OR+inurl%3Aamcmizep.xyz+OR+inurl%3Ahoustonhighpoint.com+OR+inurl%3Aamzeizep.xyz+OR+inurl%3Ajerspays.com&tbm=nws,Not Found,0,
https://www.google.bj/search?q=inurl%3A1xbet-6ds.xyz+OR+inurl%3A1xbet-232.xyz+OR+inurl%3A1xbet-100.xyz+OR+inurl%3A1xbet-802.xyz+OR+inurl%3A1xbet-080.xyz&tbm=nws,Not Found,0,
https://www.google.be/search?q=inurl%3Amostbet-120.xyz+OR+inurl%3Atelefonsohbetleri.xyz+OR+inurl%3Asohbet-numaralari.xyz+OR+inurl%3Ak8cc.xyz+OR+inurl%3Akeyaqua.club+OR+inurl%3Aorder-confirmations.email&tbm=nws,Not Found,0,
https://www.google.bj/search?q=inurl%3Amostbet-708.xyz+OR+inurl%3Amostbet-155.xyz+OR+inurl%3Amostbet-010.xyz+OR+inurl%3Amostbet-404.xyz+OR+inurl%3Amostbet-606.xyz&tbm=nws,Not Found,0,
https://www.google.com.bo/search?q=inurl%3Amostbet-090.xyz+OR+inurl%3Amostbet-565.xyz+OR+inurl%3Amostbet-335.xyz+OR+inurl%3Amostbet-105.xyz+OR+inurl%3Amostbet-878.xyz&tbm=nws,Not Found,0,
https://www.google.bj/search?q=inurl%3Atenloe027.xyz+OR+inurl%3Atenloe026.xyz+OR+inurl%3Atenloe029.xyz+OR+inurl%3Atenloe028.xyz+OR+inurl%3Atenloe030.xyz+OR+inurl%3Aronniecapitol.com+OR+inurl%3Aamcminp.xyz+OR+inurl%3Ascorpionhyatt.com&tbm=nws,Not Found,0,
https://www.google.bg/search?q=inurl%3Amailpostz.com+OR+inurl%3Auvance.uk+OR+inurl%3Afindlime.buzz+OR+inurl%3Azjsp1.xyz+OR+inurl%3Azjsp2.xyz+OR+inurl%3Azjsp3.xyz+OR+inurl%3Azjsp4.xyz+OR+inurl%3Azjsp5.xyz&tbm=nws,Not Found,0,
https://www.google.bi/search?q=inurl%3Aquanqiu77777.com+OR+inurl%3Aquanqiu88888.com+OR+inurl%3Amcmicro.xyz+OR+inurl%3Asvcc.top+OR+inurl%3Atenloe021.xyz+OR+inurl%3Atenloe022.xyz+OR+inurl%3Atenloe023.xyz+OR+inurl%3Atenloe025.xyz&tbm=nws,Not Found,0,
https://www.google.com.bn/search?q=inurl%3Axdd868.xyz+OR+inurl%3Ahuewind.xyz+OR+inurl%3Aspringwellsbank.com+OR+inurl%3Aamazingmanifest.info+OR+inurl%3Atechinlife.info+OR+inurl%3Autzldunms.top+OR+inurl%3A768975.com+OR+inurl%3Aamirsales.shop&tbm=nws,Not Found,0,
https://www.google.com.bh/search?q=inurl%3Aquanqiu99999.com+OR+inurl%3Aquanqiu00000.com+OR+inurl%3Aquanqiu11111.com+OR+inurl%3Aquanqiu22222.com+OR+inurl%3Aquanqiu33333.com+OR+inurl%3Aquanqiu44444.com+OR+inurl%3Aquanqiu55555.com+OR+inurl%3Aquanqiu66666.com&tbm=nws,Not Found,0,
https://www.google.bf/search?q=inurl%3Aboostmarks.xyz+OR+inurl%3Afind-vipbonus-here.life+OR+inurl%3Acoincucu.com+OR+inurl%3Aezzycoins.com+OR+inurl%3Aheygarden.xyz+OR+inurl%3Aexxoneastern.com+OR+inurl%3Alcyunjs.com&tbm=nws,Not Found,0,
https://www.google.com.bo/search?q=inurl%3A565610.org+OR+inurl%3A8978445.com+OR+inurl%3A89787412.com+OR+inurl%3A7151121.com+OR+inurl%3A154578.net+OR+inurl%3A154578.co+OR+inurl%3A966654.co+OR+inurl%3Amediaicon.buzz&tbm=nws,Not Found,0,
https://www.google.com.bn/search?q=inurl%3Amostbet-200.xyz+OR+inurl%3Amostbet-909.xyz+OR+inurl%3Amostbet-500.xyz+OR+inurl%3Amostbet-300.xyz+OR+inurl%3Amostbet-303.xyz&tbm=nws,Not Found,0,
https://www.google.com.bh/search?q=inurl%3A13369.uk+OR+inurl%3A13394.uk+OR+inurl%3A13383.uk+OR+inurl%3A13392.uk+OR+inurl%3A13382.uk+OR+inurl%3A13391.uk+OR+inurl%3A13371.uk+OR+inurl%3A13372.uk&tbm=nws,Searched and Not Found,0,
https://www.google.bi/search?q=inurl%3A13373.uk+OR+inurl%3A13377.uk+OR+inurl%3A13374.uk+OR+inurl%3A13380.uk+OR+inurl%3A13378.uk+OR+inurl%3A13370.uk+OR+inurl%3A13393.uk+OR+inurl%3A13385.uk&tbm=nws,Not Found,0,
https://www.google.be/search?q=inurl%3Aikigai-formula.store+OR+inurl%3Aikigai-formula.shop+OR+inurl%3Aikigaiofficial.shop+OR+inurl%3Aikigaiofficial.store+OR+inurl%3Akoi-lelradio.xyz+OR+inurl%3Aamzocue.xyz&tbm=nws,Not Found,0,
https://www.google.bg/search?q=inurl%3Abigdreamservers.com+OR+inurl%3Airental.eu+OR+inurl%3Amealplan.eu+OR+inurl%3Aroyaltour.eu+OR+inurl%3Alocalhome.eu+OR+inurl%3Awisemove.eu+OR+inurl%3Ayplus.eu+OR+inurl%3Axview.eu&tbm=nws,Not Found,0,
https://www.google.com.bn/search?q=inurl%3A63185.mx+OR+inurl%3A57636.mx+OR+inurl%3A54332.mx+OR+inurl%3Ashipxdeal.com+OR+inurl%3A2sans.com+OR+inurl%3Atatuprocess.com+OR+inurl%3Arandwprocess.com+OR+inurl%3Acrapbprocess.com&tbm=nws,Not Found,0,
https://www.google.com.bo/search?q=inurl%3Allyanprocess.com+OR+inurl%3Aillumprocess.com+OR+inurl%3Auxebprocess.com+OR+inurl%3Aaltpprocess.com+OR+inurl%3Auatiprocess.com+OR+inurl%3Agoodplasma.xyz+OR+inurl%3Aanal-teen-porn.com&tbm=nws,Not Found,0,
https://www.google.com.bh/search?q=inurl%3Adatanetwork.eu+OR+inurl%3Aiboutique.eu+OR+inurl%3Aturbojet.eu+OR+inurl%3Aichess.eu+OR+inurl%3Acarsafe.eu+OR+inurl%3Axsolutions.eu+OR+inurl%3Aaquaflex.eu+OR+inurl%3Apcparts.eu&tbm=nws,Not Found,0,
https://www.google.bi/search?q=inurl%3Aubest.eu+OR+inurl%3Aaerodata.eu+OR+inurl%3Avrclub.eu+OR+inurl%3Anigictweek.com+OR+inurl%3A73627.mx+OR+inurl%3A78115.mx+OR+inurl%3A77353.mx+OR+inurl%3A95791.mx&tbm=nws,Not Found,0,
https://www.google.bj/search?q=inurl%3A52533.mx+OR+inurl%3A74556.mx+OR+inurl%3A79784.mx+OR+inurl%3A33781.mx+OR+inurl%3A15548.mx+OR+inurl%3A35766.mx+OR+inurl%3A96686.mx+OR+inurl%3A81155.mx&tbm=nws,Not Found,0,
https://www.google.bi/search?q=inurl%3Ataopinyou-soft.shop+OR+inurl%3Ataopinyou-tz.top+OR+inurl%3Atheglucoshieldpro.net+OR+inurl%3Atheprimalgrowpro.com+OR+inurl%3Abestkeptsand.top+OR+inurl%3Alivegatherforward.top+OR+inurl%3Alunchphrasehelp.top&tbm=nws,Not Found,0,
https://www.google.bj/search?q=inurl%3Aeatcornertop.top+OR+inurl%3Alittlecompanyby.top+OR+inurl%3Amydigbook.icu+OR+inurl%3Alisadww.xyz+OR+inurl%3Agreatzz.com+OR+inurl%3Alikevoice.club+OR+inurl%3Ayl288288.top+OR+inurl%3Agemcrimson.buzz&tbm=nws,Not Found,0,
https://www.google.com.bh/search?q=inurl%3Auyriquweuoosu48.xyz+OR+inurl%3Ateqsto.com+OR+inurl%3Aformo.uk+OR+inurl%3Amacshalcqrrefur.info+OR+inurl%3Athe-projects.xyz+OR+inurl%3Arusheff.site+OR+inurl%3Afaceaskme.club&tbm=nws,Not Found,0,
https://www.google.be/search?q=inurl%3Aultimateoutdoors.uk+OR+inurl%3Ajei1jize.xyz+OR+inurl%3Ai1ieqe1g.xyz+OR+inurl%3Agij11ejig.xyz+OR+inurl%3Agu1uh2eu.xyz+OR+inurl%3Agj1yghe.xyz+OR+inurl%3Aijisi1ege.xyz+OR+inurl%3Au1h1uuseg.xyz&tbm=nws,Not Found,0,
https://www.google.com.bn/search?q=inurl%3Auyriquweuoosu07.xyz+OR+inurl%3Auyriquweuoosu08.xyz+OR+inurl%3Auyriquweuoosu09.xyz+OR+inurl%3Auyriquweuoosu10.xyz+OR+inurl%3Auyriquweuoosu11.xyz+OR+inurl%3Auyriquweuoosu12.xyz+OR+inurl%3Auyriquweuoosu13.xyz+OR+inurl%3Auyriquweuoosu14.xyz&tbm=nws,Not Found,0,
https://www.google.com.bh/search?q=inurl%3Ahs11jiesf.xyz+OR+inurl%3Aisije112.xyz+OR+inurl%3Auh11e.xyz+OR+inurl%3Ahh11es.xyz+OR+inurl%3Ajse1s1e.xyz+OR+inurl%3Ataopinyou-inc.top+OR+inurl%3Ataopinyou-a.cyou&tbm=nws,Not Found,0,
https://www.google.be/search?q=inurl%3Auyriquweuoosu24.xyz+OR+inurl%3Auyriquweuoosu25.xyz+OR+inurl%3Auyriquweuoosu26.xyz+OR+inurl%3Auyriquweuoosu27.xyz+OR+inurl%3Auyriquweuoosu28.xyz+OR+inurl%3Auyriquweuoosu29.xyz+OR+inurl%3Auyriquweuoosu30.xyz+OR+inurl%3Auyriquweuoosu31.xyz&tbm=nws,Not Found,0,
https://www.google.bg/search?q=inurl%3Agi1e1jee.xyz+OR+inurl%3Au1u1seh.xyz+OR+inurl%3Ag1e1jij.xyz+OR+inurl%3Ahv1h1ueh.xyz+OR+inurl%3Agji12ijijee.xyz+OR+inurl%3Avhs11ejis.xyz+OR+inurl%3Agi11jije.xyz+OR+inurl%3Aj1ije1e.xyz&tbm=nws,Not Found,0,
https://www.google.bf/search?q=inurl%3Auyriquweuoosu32.xyz+OR+inurl%3Auyriquweuoosu33.xyz+OR+inurl%3Auyriquweuoosu34.xyz+OR+inurl%3Auyriquweuoosu35.xyz+OR+inurl%3Auyriquweuoosu36.xyz+OR+inurl%3Auyriquweuoosu37.xyz+OR+inurl%3Auyriquweuoosu38.xyz+OR+inurl%3Auyriquweuoosu39.xyz&tbm=nws,Not Found,0,
https://www.google.com.bo/search?q=inurl%3Auyriquweuoosu16.xyz+OR+inurl%3Auyriquweuoosu17.xyz+OR+inurl%3Auyriquweuoosu18.xyz+OR+inurl%3Auyriquweuoosu19.xyz+OR+inurl%3Auyriquweuoosu20.xyz+OR+inurl%3Auyriquweuoosu21.xyz+OR+inurl%3Auyriquweuoosu22.xyz+OR+inurl%3Auyriquweuoosu23.xyz&tbm=nws,Not Found,0,
https://www.google.bi/search?q=inurl%3Axxxsamara.top+OR+inurl%3Aelfbbl.com+OR+inurl%3Abigherbal.club+OR+inurl%3Alady3.info+OR+inurl%3Ajlvip999.com+OR+inurl%3Ajlvip9.com+OR+inurl%3Ajlvip88.com+OR+inurl%3Ajlvip888.com&tbm=nws,Not Found,0,
https://www.google.bg/search?q=inurl%3Auyriquweuoosu40.xyz+OR+inurl%3Auyriquweuoosu41.xyz+OR+inurl%3Auyriquweuoosu42.xyz+OR+inurl%3Auyriquweuoosu43.xyz+OR+inurl%3Auyriquweuoosu44.xyz+OR+inurl%3Auyriquweuoosu45.xyz+OR+inurl%3Auyriquweuoosu46.xyz+OR+inurl%3Auyriquweuoosu47.xyz&tbm=nws,Not Found,0,
https://www.google.bg/search?q=inurl%3Ajltyvip1027.com+OR+inurl%3Ajltyvip1046.com+OR+inurl%3Ajltyvip1028.com+OR+inurl%3Ajlvip1051.com+OR+inurl%3Ajlvip88888.com+OR+inurl%3Ajlvip1083.com+OR+inurl%3Ajlvip1082.com+OR+inurl%3Ajlvip1888.com&tbm=nws,Not Found,0,
https://www.google.com.bo/search?q=inurl%3Ajlvip1063.com+OR+inurl%3Ajlvip1097.com+OR+inurl%3Ajlvip1064.com+OR+inurl%3Ajlvip1101.com+OR+inurl%3Ajlvip1065.com+OR+inurl%3Ajlvip1105.com+OR+inurl%3Ajlvip1066.com+OR+inurl%3Ajlvip1188.com&tbm=nws,Not Found,0,
https://www.google.com.bh/search?q=inurl%3Akennyclub.com+OR+inurl%3Awoyourong.com+OR+inurl%3Atzyuren.com+OR+inurl%3Akapforum.com+OR+inurl%3Aviiduo.com+OR+inurl%3Akanjiamiao.com+OR+inurl%3Atjmdgjg.com+OR+inurl%3Atouzimoney.com&tbm=nws,Not Found,0,
https://www.google.bi/search?q=inurl%3Ajnxjzs.com+OR+inurl%3Ajitaihr.com+OR+inurl%3Aszlgqz.com+OR+inurl%3Asqtlly.com+OR+inurl%3Ajhgjylzc.com+OR+inurl%3Ajianitecn.com+OR+inurl%3Asinapistek.com+OR+inurl%3Ainzonata.com&tbm=nws,Not Found,0,
https://www.google.be/search?q=inurl%3Ajltyvip1019.com+OR+inurl%3Ajltyvip1030.com+OR+inurl%3Ajltyvip1020.com+OR+inurl%3Ajltyvip1032.com+OR+inurl%3Ajltyvip1021.com+OR+inurl%3Ajltyvip1034.com+OR+inurl%3Ajltyvip1022.com+OR+inurl%3Ajltyvip1036.com&tbm=nws,Not Found,0,
https://www.google.bg/search?q=inurl%3Ajlvip1098.com+OR+inurl%3Ajlvip1075.com+OR+inurl%3Apopee.us+OR+inurl%3Abet28-a.com+OR+inurl%3Abet28-b.com+OR+inurl%3Aqztzyy.com+OR+inurl%3Awangxingze.com&tbm=nws,Not Found,0,
https://www.google.bf/search?q=inurl%3Ag1ije1jgg.xyz+OR+inurl%3Au1ge1yw.xyz+OR+inurl%3Ag1uh1eh.xyz+OR+inurl%3Ay1ye1we.xyz+OR+inurl%3Ag1hu1uh.xyz+OR+inurl%3Ag1ej1g.xyz+OR+inurl%3Ajgi11iee.xyz+OR+inurl%3Ah1u1seij.xyz&tbm=nws,Not Found,0,
https://www.google.bf/search?q=inurl%3Ajltyvip1023.com+OR+inurl%3Ajltyvip1038.com+OR+inurl%3Ajltyvip1024.com+OR+inurl%3Ajltyvip1040.com+OR+inurl%3Ajltyvip1025.com+OR+inurl%3Ajltyvip1042.com+OR+inurl%3Ajltyvip1026.com+OR+inurl%3Ajltyvip1044.com&tbm=nws,Not Found,0,
https://www.google.bi/search?q=inurl%3Ajlvip1077.com+OR+inurl%3Ajlvip1100.com+OR+inurl%3Ajlvip1076.com+OR+inurl%3Ajlvip8888.com+OR+inurl%3Ajlvip1103.com+OR+inurl%3Ajlvip1107.com+OR+inurl%3Ajlvip1095.com+OR+inurl%3Ajlvip1099.com&tbm=nws,Not Found,0,
https://www.google.com.bh/search?q=inurl%3Ajlvip1081.com+OR+inurl%3Ajlvip1108.com+OR+inurl%3Ajlvip1080.com+OR+inurl%3Ajlvip1106.com+OR+inurl%3Ajlvip1079.com+OR+inurl%3Ajlvip1104.com+OR+inurl%3Ajlvip1078.com+OR+inurl%3Ajlvip1102.com&tbm=nws,Not Found,0,
https://www.google.com.bn/search?q=inurl%3Ajlvip1053.com+OR+inurl%3Ajlvip1052.com+OR+inurl%3Ajlvip1060.com+OR+inurl%3Ajlvip1085.com+OR+inurl%3Ajlvip1061.com+OR+inurl%3Ajlvip1089.com+OR+inurl%3Ajlvip1062.com+OR+inurl%3Ajlvip1093.com&tbm=nws,Not Found,0,
https://www.google.com.bo/search?q=inurl%3Ajltyvip1010.com+OR+inurl%3Ajltyvip1039.com+OR+inurl%3Ajltyvip1016.com+OR+inurl%3Ajltyvip1041.com+OR+inurl%3Ajltyvip1017.com+OR+inurl%3Ajltyvip1045.com+OR+inurl%3Ajltyvip1018.com+OR+inurl%3Ajltyvip1049.com&tbm=nws,Not Found,0,
https://www.google.com.bn/search?q=inurl%3Ajltyvip1033.com+OR+inurl%3Ajltyvip1047.com+OR+inurl%3Ajltyvip1009.com+OR+inurl%3Ajltyvip1015.com+OR+inurl%3Ajltyvip1013.com+OR+inurl%3Ajltyvip1014.com+OR+inurl%3Ajltyvip1012.com+OR+inurl%3Ajltyvip1011.com&tbm=nws,Not Found,0,
https://www.google.com.bo/search?q=inurl%3Ajzhkqn.com+OR+inurl%3Agzxxkcsjy.com+OR+inurl%3Aguanfanmx.com+OR+inurl%3Akousaidc.com+OR+inurl%3Akdibroker.com+OR+inurl%3Ajomoohair.com+OR+inurl%3Afhjzy.com+OR+inurl%3Ajltaobao.com&tbm=nws,Not Found,0,
https://www.google.bj/search?q=inurl%3Asjzgnjc.com+OR+inurl%3Arostagh.com+OR+inurl%3Ahuanleyue.com+OR+inurl%3Asanledu.com+OR+inurl%3Ahfilk.com+OR+inurl%3Aqingningmi.com+OR+inurl%3Ahdmdjs.com+OR+inurl%3Ahdjyhr.com&tbm=nws,Not Found,0,
https://www.google.com.bn/search?q=inurl%3Aqdttywx.com+OR+inurl%3Ahtbgn.com+OR+inurl%3Ahnqrzsgc.com+OR+inurl%3Ahnyiguang.com+OR+inurl%3Anxtzhhxt.com+OR+inurl%3Alouyimedia.com+OR+inurl%3Aldyulegw.com+OR+inurl%3Agzktjxgj.com&tbm=nws,Not Found,0,
https://www.google.be/search?q=inurl%3Ajlvip1067.com+OR+inurl%3Ajlvip8.com+OR+inurl%3Ajlvip1068.com+OR+inurl%3Ajlvip1084.com+OR+inurl%3Ajlvip1069.com+OR+inurl%3Ajlvip1086.com+OR+inurl%3Ajlvip1070.com+OR+inurl%3Ajlvip1088.com&tbm=nws,Not Found,0,
https://www.google.bj/search?q=inurl%3Ajlvip1087.com+OR+inurl%3Ajlvip1091.com+OR+inurl%3Ajlvip1058.com+OR+inurl%3Ajlvip1059.com+OR+inurl%3Ajlvip1056.com+OR+inurl%3Ajlvip1057.com+OR+inurl%3Ajlvip1055.com+OR+inurl%3Ajlvip1054.com&tbm=nws,Not Found,0,
https://www.google.be/search?q=inurl%3Afoudnel.com+OR+inurl%3Ahuaxad.com+OR+inurl%3Afggwzh.com+OR+inurl%3Ahflxycy.com+OR+inurl%3Ahfjzjxc.com+OR+inurl%3Agzxyksl.com+OR+inurl%3Adsnvlaoshi.com+OR+inurl%3Agsygtc.com&tbm=nws,Not Found,0,
https://www.google.bg/search?q=inurl%3Acqclhotel.com+OR+inurl%3Ademytrans.com+OR+inurl%3Adapinauto.com+OR+inurl%3Acgrhm.com+OR+inurl%3Acsxmsp.com+OR+inurl%3Acdkxoa.com+OR+inurl%3Acbzxwsy.com+OR+inurl%3Acgqljsj.com&tbm=nws,Not Found,0,
https://www.google.bf/search?q=inurl%3Adarunke.com+OR+inurl%3Adrsyverson.com+OR+inurl%3Adangjw.com+OR+inurl%3Afengbojt.com+OR+inurl%3Acoursepoll.com+OR+inurl%3Acqyqzscl.com+OR+inurl%3Acysyypt.com+OR+inurl%3Aecomarrow.com&tbm=nws,Not Found,0,
https://www.google.com.bh/search?q=inurl%3Aceltens.com+OR+inurl%3Acbdzdh.com+OR+inurl%3Abwyoiamw.com+OR+inurl%3Abyemgly.com+OR+inurl%3Abtywear.com+OR+inurl%3Abjxnydq.com+OR+inurl%3Abycphd.com+OR+inurl%3Abjtill.com&tbm=nws,Not Found,0,
https://www.google.bi/search?q=inurl%3Abjxmclean.com+OR+inurl%3Abjnkxl.com+OR+inurl%3Abwzxqt.com+OR+inurl%3Abssfrnjl.com+OR+inurl%3Abdhcxbg.com+OR+inurl%3Abaoshule.com+OR+inurl%3Aaioolecai.com+OR+inurl%3Aakidex.com&tbm=nws,Not Found,0,
https://www.google.com.bo/search?q=inurl%3Ayjssn.com+OR+inurl%3Axyrunyuan.com+OR+inurl%3Axnoyel.com+OR+inurl%3Atwaero.com+OR+inurl%3Axxblhjfls.com+OR+inurl%3Atdmosaic.com+OR+inurl%3Axbjxcpx.com+OR+inurl%3Ataojinshow.com&tbm=nws,Not Found,0,
https://www.google.com.bn/search?q=inurl%3Azpqpz.com+OR+inurl%3Ayzxuanling.com+OR+inurl%3Ayihuaitec.com+OR+inurl%3Ayunhuwifi.com+OR+inurl%3Ayidaharbin.com+OR+inurl%3Aycksjf.com+OR+inurl%3Aytzlcw.com+OR+inurl%3Ayuerongche.com&tbm=nws,Not Found,0,
https://www.google.bj/search?q=inurl%3Aafusv.com+OR+inurl%3Aabatuo.com+OR+inurl%3Azghnjzx.com+OR+inurl%3Azzzzycc.com+OR+inurl%3Azgglzsvip.com+OR+inurl%3Azjgxucheng.com+OR+inurl%3Aabjucaihui.com+OR+inurl%3Aznyyjqr.com&tbm=nws,Not Found,0,
https://www.google.be/search?q=inurl%3Awulingweb.com+OR+inurl%3Awoopmob.com+OR+inurl%3Asmeorong.com+OR+inurl%3Awodesichu.com+OR+inurl%3Awangjiazu.com+OR+inurl%3Axiandulila.com+OR+inurl%3Awxtyhy.com+OR+inurl%3Atourmyasia.com&tbm=nws,Not Found,0,
https://www.google.bf/search?q=inurl%3Ajlvip1071.com+OR+inurl%3Ajlvip1090.com+OR+inurl%3Ajlvip1072.com+OR+inurl%3Ajlvip1092.com+OR+inurl%3Ajlvip1073.com+OR+inurl%3Ajlvip1094.com+OR+inurl%3Ajlvip1074.com+OR+inurl%3Ajlvip1096.com&tbm=nws,Not Found,0,
https://www.google.bf/search?q=inurl%3Ataxaodz.com+OR+inurl%3Asanhaotao.com+OR+inurl%3Atetelead.com+OR+inurl%3Ascdsyf.com+OR+inurl%3Atjyunhua.com+OR+inurl%3Ascwmgw.com+OR+inurl%3Atackro.com+OR+inurl%3Aroodmenter.com&tbm=nws,Not Found,0,
https://www.google.bg/search?q=inurl%3Arnjstudios.com+OR+inurl%3Apingguowo.com+OR+inurl%3Asizuzile.com+OR+inurl%3Apdwhtwm.com+OR+inurl%3Aqdcsxgs.com+OR+inurl%3Aourlotte.com+OR+inurl%3Asjzxsls.com+OR+inurl%3Ashengsijie.com&tbm=nws,Not Found,0,
https://www.google.bj/search?q=inurl%3Ajltyvip1035.com+OR+inurl%3Ajltyvip1043.com+OR+inurl%3Ajltyvip1008.com+OR+inurl%3Ajltyvip1050.com+OR+inurl%3Ajltyvip1029.com+OR+inurl%3Ajltyvip1048.com+OR+inurl%3Ajltyvip1037.com+OR+inurl%3Ajltyvip1031.com&tbm=nws,Not Found,0,
https://www.google.com.bh/search?q=inurl%3Apaulcberry.com+OR+inurl%3Asgxwzs.com+OR+inurl%3Asbshserve.com+OR+inurl%3Aredondocr.com+OR+inurl%3Amrguoguo.com+OR+inurl%3Aqxecep.com+OR+inurl%3Aqqtedu.com+OR+inurl%3Alsxthxx.com&tbm=nws,Not Found,0,
https://www.google.com.bn/search?q=inurl%3Aqdbxgszp.com+OR+inurl%3Amatabulat.com+OR+inurl%3Aqdbxzpw.com+OR+inurl%3Alqydzc.com+OR+inurl%3Apegosci.com+OR+inurl%3Aleefengpay.com+OR+inurl%3Aldyulept.com+OR+inurl%3Ajielanwh.com&tbm=nws,Not Found,0,
https://www.google.bi/search?q=inurl%3Amaiyouchen.com+OR+inurl%3Aqdtaiyuda.com+OR+inurl%3Alechila.com+OR+inurl%3Aptrves.com+OR+inurl%3Aklmzsh.com+OR+inurl%3Avbnkap.com+OR+inurl%3Averetnik.com+OR+inurl%3Analanqiyue.com&tbm=nws,Not Found,0,
https://www.google.com.bo/search?q=inurl%3Ajrljjsb.com+OR+inurl%3Akazmentor.com+OR+inurl%3Ajianyoupe.com+OR+inurl%3Ajilinmeihe.com+OR+inurl%3Ajchworks.com+OR+inurl%3Agengniutv.com+OR+inurl%3Ajchundian.com+OR+inurl%3Afcskr.com&tbm=nws,Not Found,0,
https://www.google.bj/search?q=inurl%3Atjsyspine.com+OR+inurl%3Anjezwj.com+OR+inurl%3Anjhelcy.com+OR+inurl%3Ataoxinyan.com+OR+inurl%3Ashaoguanqc.com+OR+inurl%3Aseozuopin.com+OR+inurl%3Amemeze.com+OR+inurl%3Aluobimao.com&tbm=nws,Not Found,0,
https://www.google.be/search?q=inurl%3Ailjoblist.com+OR+inurl%3Aemvesolar.com+OR+inurl%3Ahzhnnykj.com+OR+inurl%3Adltuoerdun.com+OR+inurl%3Ahuisuu.com+OR+inurl%3Adroidmooc.com+OR+inurl%3Ahnyuanfan.com+OR+inurl%3Aczjryjy.com&tbm=nws,Not Found,0,
https://www.google.bf/search?q=inurl%3Ahiquanzi.com+OR+inurl%3Achinamdmy.com+OR+inurl%3Ahuacainew.com+OR+inurl%3Aholzmanco.com+OR+inurl%3Abjasri.com+OR+inurl%3Abacifilm.com+OR+inurl%3Agybfbjy.com+OR+inurl%3Ahongxinfp.com&tbm=nws,Not Found,0,
https://www.google.com.bh/search?q=inurl%3Aetfacchi.com+OR+inurl%3Ataangbao.com+OR+inurl%3Ataiyuandy.com+OR+inurl%3Adzspcx.com+OR+inurl%3Asjcsgk.com+OR+inurl%3Adeshkanews.com+OR+inurl%3Asdythn.com+OR+inurl%3Arucfdc.com&tbm=nws,Not Found,0,
https://www.google.com.bn/search?q=inurl%3Abjwjgcw.com+OR+inurl%3Atykxnc.com+OR+inurl%3Atapimen.com+OR+inurl%3Asonicthera.com+OR+inurl%3Abonitki.com+OR+inurl%3Asdhanci.com+OR+inurl%3Aboyuwh.com+OR+inurl%3Aqdwnzjx.com&tbm=nws,Not Found,0,
https://www.google.bj/search?q=inurl%3Abuyshoplv.com+OR+inurl%3Acdmuyo.com+OR+inurl%3Alyughmy.com+OR+inurl%3Abxjgds.com+OR+inurl%3Alickabear.com+OR+inurl%3Abtbtjxzz.com+OR+inurl%3Abjxxgm.com+OR+inurl%3Aroomlyapp.com&tbm=nws,Not Found,0,
https://www.google.be/search?q=inurl%3Aalibbz.com+OR+inurl%3Azzxfzj.com+OR+inurl%3Ayjscxh.com+OR+inurl%3Aydjfzh.com+OR+inurl%3Axiesusxy.com+OR+inurl%3Avnyhkliy.com+OR+inurl%3Azmanrealty.com+OR+inurl%3Aszhmdsj.com&tbm=nws,Not Found,0,
https://www.google.com.bo/search?q=inurl%3Appcyscw.com+OR+inurl%3Aarbolente.com+OR+inurl%3Akenhenley.com+OR+inurl%3Azrxyhr.com+OR+inurl%3Acqxince.com+OR+inurl%3Azhqyz.com+OR+inurl%3Azhenheruyi.com+OR+inurl%3Azghnppgs.com&tbm=nws,Not Found,0,
https://www.google.bi/search?q=inurl%3Ashkhjxkj.com+OR+inurl%3Arenytech.com+OR+inurl%3Aczabmjc.com+OR+inurl%3Apbabgupa.com+OR+inurl%3Acnyunhua.com+OR+inurl%3Amydeadzone.com+OR+inurl%3Achihely.com+OR+inurl%3Anaablevins.com&tbm=nws,Not Found,0,
https://www.google.com.bo/search?q=inurl%3Adiem-coin.pro+OR+inurl%3Apcimpulse.buzz+OR+inurl%3Axmian.xyz+OR+inurl%3Ashopgrantok.site+OR+inurl%3Axgthpm.com+OR+inurl%3Axasysx.com+OR+inurl%3Ayczhenhai.com&tbm=nws,Not Found,0,
https://www.google.bf/search?q=inurl%3Aymciyuan.com+OR+inurl%3Aromanrios.com+OR+inurl%3Ayunxuntec.com+OR+inurl%3Aoakeydoke.com+OR+inurl%3Ayunaxinfra.com+OR+inurl%3Azlshidaoai.com+OR+inurl%3Awxlsws.com+OR+inurl%3Aqdywyil.com&tbm=nws,Not Found,0,
https://www.google.bi/search?q=inurl%3Avimeevi.com+OR+inurl%3Arradjp.com+OR+inurl%3Ajxscstjqxh.com+OR+inurl%3Aszdongce.com+OR+inurl%3Abbqqa.com+OR+inurl%3Aseoysw.com+OR+inurl%3Amychnyx.com+OR+inurl%3Asqduocai.com&tbm=nws,Not Found,0,
https://www.google.com.bh/search?q=inurl%3Awxfxlbxg.com+OR+inurl%3Azsshowcp.com+OR+inurl%3Awglhqp.com+OR+inurl%3Awzwangjiao.com+OR+inurl%3Awiiiinbet.com+OR+inurl%3Asjzgangwan.com+OR+inurl%3Aurkbouwt.com+OR+inurl%3Aopuic.com&tbm=nws,Not Found,0,
https://www.google.bg/search?q=inurl%3Akymgdent.com+OR+inurl%3Awhamsocial.com+OR+inurl%3Ajbbahwang.com+OR+inurl%3Axzbaoren.com+OR+inurl%3Agiogetti.com+OR+inurl%3Awyjklm.com+OR+inurl%3Accyxgzn.com+OR+inurl%3Aatylcp.com&tbm=nws,Not Found,0,
https://www.google.bf/search?q=inurl%3Axucaiguoji.com+OR+inurl%3Aszysysp.com+OR+inurl%3Axjlovebama.com+OR+inurl%3Axjjingyuan.com+OR+inurl%3Axhhetlf.com+OR+inurl%3Assxbnz.com+OR+inurl%3Axdbjdh.com+OR+inurl%3Asunpintea.com&tbm=nws,Not Found,0,
https://www.google.be/search?q=inurl%3Atjzwyx.com+OR+inurl%3Ayaranzuyu.com+OR+inurl%3Atjshangshi.com+OR+inurl%3Ayllswhn.com+OR+inurl%3Atljmdsy.com+OR+inurl%3Aylsfjd.com+OR+inurl%3Atjdongmen.com+OR+inurl%3Aszspeedexp.com&tbm=nws,Not Found,0,
https://www.google.com.bh/search?q=inurl%3Asnsyq.com+OR+inurl%3Axujingzh.com+OR+inurl%3Asjzstky.com+OR+inurl%3Axsyswx.com+OR+inurl%3Axlazxjz.com+OR+inurl%3Ashenshenjn.com+OR+inurl%3Axpjylgfwz.com+OR+inurl%3Ashtongjitj.com&tbm=nws,Not Found,0,
https://www.google.bg/search?q=inurl%3Axrtinl.com+OR+inurl%3Axhbnhotel.com+OR+inurl%3Asxfajac.com+OR+inurl%3Axjcyms.com+OR+inurl%3Asxrtfjs.com+OR+inurl%3Axgdyjin.com+OR+inurl%3Asjjjtz.com+OR+inurl%3Axhkcly.com&tbm=nws,Not Found,0,
https://www.google.bj/search?q=inurl%3Axccybj.com+OR+inurl%3Ascqyhl.com+OR+inurl%3Awjhazgzl.com+OR+inurl%3Ascmeidie.com+OR+inurl%3Awysgyzy.com+OR+inurl%3Arrhfpay.com+OR+inurl%3Awymrzy.com+OR+inurl%3Awrrxgm.com&tbm=nws,Not Found,0,
https://www.google.bj/search?q=inurl%3Alebating.com+OR+inurl%3Asdhzgjmy.com+OR+inurl%3Asjztlsm.com+OR+inurl%3Asingposter.com+OR+inurl%3Atlsdmy.com+OR+inurl%3Arecordsted.com+OR+inurl%3Agzmukaban.com+OR+inurl%3Asuperweapp.com&tbm=nws,Not Found,0,
https://www.google.com.bn/search?q=inurl%3Albty168.com+OR+inurl%3Albty888.com+OR+inurl%3Alb2030.com+OR+inurl%3Alb2050.com+OR+inurl%3Asavegiant.xyz+OR+inurl%3Aunitedcommunitybankplc.com+OR+inurl%3Ajuwalink.com&tbm=nws,Not Found,0,
https://www.google.bi/search?q=inurl%3Ashjiushe.com+OR+inurl%3Asdxwyfs.com+OR+inurl%3Axmboni.com+OR+inurl%3Asdoutong.com+OR+inurl%3Axuantujs.com+OR+inurl%3Axxgwkzz.com+OR+inurl%3Aschsedu.com+OR+inurl%3Artziben.com&tbm=nws,Not Found,0,
https://www.google.bg/search?q=inurl%3Aaauuj.com+OR+inurl%3Aabdfd.com+OR+inurl%3Axwtdqh.com+OR+inurl%3Agzkuede.com+OR+inurl%3Axlxcyns.com+OR+inurl%3Afaoozoo.com+OR+inurl%3Axayylc.com+OR+inurl%3Aefqei.com&tbm=nws,Not Found,0,
https://www.google.com.bn/search?q=inurl%3Aqxdngs.com+OR+inurl%3Awjynyy.com+OR+inurl%3Aqhztcy.com+OR+inurl%3Aqdjnchr.com+OR+inurl%3Awvyquxgt.com+OR+inurl%3Aqiannuocn.com+OR+inurl%3Axblswhn.com+OR+inurl%3Aqdjwpt.com&tbm=nws,Not Found,0,
https://www.google.com.bo/search?q=inurl%3Awhjrdtz.com+OR+inurl%3Aqdyongping.com+OR+inurl%3Awhsmyf.com+OR+inurl%3Aqdyuanshui.com+OR+inurl%3Awhsgyiy.com+OR+inurl%3Apanantw.com+OR+inurl%3Awfhxfc.com+OR+inurl%3Awanjiahezs.com&tbm=nws,Not Found,0,
https://www.google.be/search?q=inurl%3Awhjtzxjx.com+OR+inurl%3Anujidi.com+OR+inurl%3Awfnyys.com+OR+inurl%3Anmdzlzs.com+OR+inurl%3Avebgame.com+OR+inurl%3Anxhyjx.com+OR+inurl%3Anjtaisite.com+OR+inurl%3Anjhzzjn.com&tbm=nws,Not Found,0,
https://www.google.bg/search?q=inurl%3Atuojiawj.com+OR+inurl%3Atxhxzn.com+OR+inurl%3Alyscunhe.com+OR+inurl%3Atwtvmm.com+OR+inurl%3Alwhuaishan.com+OR+inurl%3Atstnamyst.com+OR+inurl%3Atzlsdch.com+OR+inurl%3Atyyznyey.com&tbm=nws,Not Found,0,
https://www.google.bf/search?q=inurl%3Aukechord.com+OR+inurl%3Atwzygj.com+OR+inurl%3Atsohsmcy.com+OR+inurl%3Amygsjy.com+OR+inurl%3Atshjgl.com+OR+inurl%3Aminlicy.com+OR+inurl%3Atotootoo.com+OR+inurl%3Amcxbxy.com&tbm=nws,Not Found,0,
https://www.google.bi/search?q=inurl%3Albnnc.com+OR+inurl%3Ajlwhzs.com+OR+inurl%3Aszjlwdwl.com+OR+inurl%3Ajnzdgcjs.com+OR+inurl%3Aszelante.com+OR+inurl%3Aszjxtdq.com+OR+inurl%3Ahzhrd.com+OR+inurl%3Asxguosheng.com&tbm=nws,Not Found,0,
https://www.google.com.bn/search?q=inurl%3Adisappster.com+OR+inurl%3Aparkhard.com+OR+inurl%3Adbkrh.com+OR+inurl%3Aoraniwater.com+OR+inurl%3Anychelle.com+OR+inurl%3Aotoyelpaze.com+OR+inurl%3Anzauhealth.com+OR+inurl%3Abjgeyazy.com&tbm=nws,Not Found,0,
https://www.google.com.bh/search?q=inurl%3Aliuliusong.com+OR+inurl%3Alinbour.com+OR+inurl%3Atangrenzc.com+OR+inurl%3Allqsctd.com+OR+inurl%3Aszyaushin.com+OR+inurl%3Athzgcn.com+OR+inurl%3Aklcurtain.com+OR+inurl%3Ataaybjz.com&tbm=nws,Not Found,0,
https://www.google.com.bo/search?q=inurl%3Arightasher.buzz+OR+inurl%3Anvshenjun.com+OR+inurl%3Abjyuejie.com+OR+inurl%3Apaulginzl.com+OR+inurl%3Aaqjxc.com+OR+inurl%3Ancccxy.com+OR+inurl%3Azzwcsj.com+OR+inurl%3Amojingbi.com&tbm=nws,Not Found,0,
https://www.google.be/search?q=inurl%3Azzfskzm.com+OR+inurl%3Amyfotocity.com+OR+inurl%3Azswending.com+OR+inurl%3Ameltemada.com+OR+inurl%3Azhunongey.com+OR+inurl%3Amcjdsdbn.com+OR+inurl%3Azjthfd.com+OR+inurl%3Azhonguojiu.com&tbm=nws,Not Found,0,
https://www.google.bg/search?q=inurl%3Aymyxhs.com+OR+inurl%3Alqjmybkw.com+OR+inurl%3Aylxhlsm.com+OR+inurl%3Alongyuani.com+OR+inurl%3Ayxppsj.com+OR+inurl%3Alscgkhw.com+OR+inurl%3Aystczpc.com+OR+inurl%3Ayofotoxc.com&tbm=nws,Not Found,0,
https://www.google.bj/search?q=inurl%3Ahnhnmhbgs.com+OR+inurl%3Ashinmark.com+OR+inurl%3Asevtell.com+OR+inurl%3Asgpvbzw.com+OR+inurl%3Agthzfbmk.com+OR+inurl%3Agdhsdzl.com+OR+inurl%3Aecooldream.com+OR+inurl%3Apicorad.com&tbm=nws,Not Found,0,
https://www.google.bf/search?q=inurl%3Azhalbaby.com+OR+inurl%3Azqlykj.com+OR+inurl%3Amildamilk.com+OR+inurl%3Alysejxc.com+OR+inurl%3Azgmjcom.com+OR+inurl%3Azjtuodushu.com+OR+inurl%3Aywhuodong.com+OR+inurl%3Ayuankuohr.com&tbm=nws,Not Found,0,
https://www.google.bj/search?q=inurl%3Ajlslgcgs.com+OR+inurl%3Assjlgjwh.com+OR+inurl%3Akaqijulebu.com+OR+inurl%3Asumutj.com+OR+inurl%3Asqqywy.com+OR+inurl%3Asjzlffs.com+OR+inurl%3Ajiuzhudui.com+OR+inurl%3Ashnhhjch.com&tbm=nws,Not Found,0,
https://www.google.com.bo/search?q=inurl%3Aqyyrai.com+OR+inurl%3Aqdlikeda.com+OR+inurl%3Ahglmybkw.com+OR+inurl%3Aqkrnz.com+OR+inurl%3Ahljhtjz.com+OR+inurl%3Aperstiya.com+OR+inurl%3Ahamyarclub.com+OR+inurl%3Anjdslh.com&tbm=nws,Not Found,0,
https://www.google.com.bh/search?q=inurl%3Ayushungkjx.com+OR+inurl%3Aynpujian.com+OR+inurl%3Alangzwzs.com+OR+inurl%3Aylshaiwang.com+OR+inurl%3Akumalsamaj.com+OR+inurl%3Ayifangzi.com+OR+inurl%3Aknjxc.com+OR+inurl%3Aydcheku.com&tbm=nws,Not Found,0,
https://www.google.bi/search?q=inurl%3Akailhom.com+OR+inurl%3Akachalab.com+OR+inurl%3Athucwb.com+OR+inurl%3Ajrtrolleys.com+OR+inurl%3Atjhxygmc.com+OR+inurl%3Aszahzh.com+OR+inurl%3Ajmftd.com+OR+inurl%3Aszjcgl.com&tbm=nws,Not Found,0,
https://www.google.bf/search?q=inurl%3Aglhgz.com+OR+inurl%3Allolrz.com+OR+inurl%3Alelawang.com+OR+inurl%3Ajyxjb.com+OR+inurl%3Afzgujin.com+OR+inurl%3Ajxxtjd.com+OR+inurl%3Afengcxww.com+OR+inurl%3Aihaold.com&tbm=nws,Not Found,0,
https://www.google.com.bn/search?q=inurl%3Ashstlp.com+OR+inurl%3Ascboretang.com+OR+inurl%3Ahxwanggebu.com+OR+inurl%3Aruishangad.com+OR+inurl%3Asdqdhengyu.com+OR+inurl%3Ahoyjuegos.com+OR+inurl%3Aqypggf.com+OR+inurl%3Aqdhaigude.com&tbm=nws,Not Found,0,
https://www.google.bi/search?q=inurl%3Azqyuanda.com+OR+inurl%3Aznztjj.com+OR+inurl%3Ayuxuanboli.com+OR+inurl%3Aczhanfo.com+OR+inurl%3Aynfygg.com+OR+inurl%3Aywduobao.com+OR+inurl%3Acqgbzx.com+OR+inurl%3Acitrinea.com&tbm=nws,Not Found,0,
https://www.google.be/search?q=inurl%3Ahbgngk.com+OR+inurl%3Amyrecase.com+OR+inurl%3Ahbxtkx.com+OR+inurl%3Amsldrones.com+OR+inurl%3Ahbhktk.com+OR+inurl%3Amagelinegf.com+OR+inurl%3Agzfirika.com+OR+inurl%3Ahavcsystem.com&tbm=nws,Not Found,0,
https://www.google.bg/search?q=inurl%3Ahzyitex.com+OR+inurl%3Afdomart.com+OR+inurl%3Aflcjtz.com+OR+inurl%3Afnsole.com+OR+inurl%3Aelmunte.com+OR+inurl%3Aeconostrat.com+OR+inurl%3Achinajbsjk.com+OR+inurl%3Aesdnu.com&tbm=nws,Not Found,0,
https://www.google.be/search?q=inurl%3Abaojiso.com+OR+inurl%3Alyyqqwtpe.com+OR+inurl%3Allhsbw.com+OR+inurl%3Abaoguoda.com+OR+inurl%3Alivenetsex.com+OR+inurl%3Abladihost.com+OR+inurl%3Abeyeegypt.com+OR+inurl%3Ajialuoxu.com&tbm=nws,Not Found,0,
https://www.google.bj/search?q=inurl%3Ayoupinxmt.com+OR+inurl%3Ayixuanqq.com+OR+inurl%3Acduppf.com+OR+inurl%3Aycgja.com+OR+inurl%3Acdshengye.com+OR+inurl%3Atjhxfurn.com+OR+inurl%3Achulucana.com+OR+inurl%3Ataizima.com&tbm=nws,Not Found,0,
https://www.google.com.bh/search?q=inurl%3Abjjylgc.com+OR+inurl%3Aabestnews.com+OR+inurl%3Adgwmhq.com+OR+inurl%3Azzyuecheng.com+OR+inurl%3Azhxsyy.com+OR+inurl%3Adbsbike.com+OR+inurl%3Azjltmy.com+OR+inurl%3Aczjielv.com&tbm=nws,Not Found,0,
https://www.google.bg/search?q=inurl%3Aalfobuffer.com+OR+inurl%3Aytdemei.com+OR+inurl%3Ayqlbzjsz.com+OR+inurl%3Aaeggqzgr.com+OR+inurl%3Axybljy.com+OR+inurl%3Aszhtlzs.com+OR+inurl%3Aaijqb.com+OR+inurl%3Aaidkerala.com&tbm=nws,Not Found,0,
https://www.google.com.bo/search?q=inurl%3Acblqq.com+OR+inurl%3Arjfsgjjs.com+OR+inurl%3Abuhergroup.com+OR+inurl%3Abonniejaye.com+OR+inurl%3Aqdbsjj.com+OR+inurl%3Abuybeanie.com+OR+inurl%3Anngyfbz.com+OR+inurl%3Anchybf.com&tbm=nws,Not Found,0,
https://www.google.com.bn/search?q=inurl%3Acommbicell.com+OR+inurl%3Asxbjxwl.com+OR+inurl%3Achuangth.com+OR+inurl%3Asjzsahq.com+OR+inurl%3Acgoul.com+OR+inurl%3Ashunmaitz.com+OR+inurl%3Accsjpla.com+OR+inurl%3Arxhjjdzp.com&tbm=nws,Not Found,0,
https://www.google.bf/search?q=inurl%3Abetgares.com+OR+inurl%3Aguweigroup.com+OR+inurl%3Abilgitikla.com+OR+inurl%3Abjhuanlei.com+OR+inurl%3Aaikesijia.com+OR+inurl%3Aartlylove.com+OR+inurl%3Azhwxcbs.com+OR+inurl%3Aytbozheng.com&tbm=nws,Not Found,0,
https://www.google.bi/search?q=inurl%3Amaoyuanhj.com+OR+inurl%3Azjggzjx.com+OR+inurl%3Aksfutian.com+OR+inurl%3Azidami.com+OR+inurl%3Afawenji.com+OR+inurl%3Azhuorongts.com+OR+inurl%3Abjfrds.com+OR+inurl%3Azealcs.com&tbm=nws,Not Found,0,
https://www.google.com.bh/search?q=inurl%3Ashuomeibz.com+OR+inurl%3Aamboivf.com+OR+inurl%3Asdqckjgz.com+OR+inurl%3Aalsadadocs.com+OR+inurl%3Apymlzc.com+OR+inurl%3Azypcgq.com+OR+inurl%3Anbdingsen.com+OR+inurl%3Azyghmsc.com&tbm=nws,Not Found,0,
https://www.google.bj/search?q=inurl%3Azhqmbxtggc.com+OR+inurl%3Atjyishuang.com+OR+inurl%3Asjzkhjj.com+OR+inurl%3Ayvenski.com+OR+inurl%3Arjjbzg.com+OR+inurl%3Alunyangcbs.com+OR+inurl%3Ahaerfa.com+OR+inurl%3Azhifotang.com&tbm=nws,Not Found,0,
https://www.google.com.bn/search?q=inurl%3Ayygpsh.com+OR+inurl%3Azhjtaszh.com+OR+inurl%3Ayeweifuqiu.com+OR+inurl%3Axinglexuan.com+OR+inurl%3Axatlnh.com+OR+inurl%3Awxaoding.com+OR+inurl%3Axpewe.com+OR+inurl%3Acooztech.com&tbm=nws,Not Found,0,
https://www.google.com.bo/search?q=inurl%3Amissjinifs.com+OR+inurl%3Aqxeta.com+OR+inurl%3Asybfwhcy.com+OR+inurl%3Acreditfra-santan.com+OR+inurl%3Asheryllwildlife.com+OR+inurl%3Aforcedaryl.com+OR+inurl%3Amrazwinning.com&tbm=nws,Not Found,0,
https://www.google.bf/search?q=inurl%3Achazhiy.com+OR+inurl%3Arhbwtsr.com+OR+inurl%3Abroazer.com+OR+inurl%3Ablxxljy.com+OR+inurl%3Abjgwty.com+OR+inurl%3Abenpabhd.com+OR+inurl%3Anongrunjia.com+OR+inurl%3Abjzfjr.com&tbm=nws,Not Found,0,
https://www.google.be/search?q=inurl%3Abestjinbo.site+OR+inurl%3Akok88.pro+OR+inurl%3Acmn447.top+OR+inurl%3Axczgfn.com+OR+inurl%3Acleansoom.com+OR+inurl%3Aczajldz.com+OR+inurl%3Ashwpwh.com+OR+inurl%3Abuhkls.com&tbm=nws,Not Found,0,
https://www.google.bg/search?q=inurl%3Abjrqtd.com+OR+inurl%3Alynnbates.com+OR+inurl%3Abjjmxkj.com+OR+inurl%3Alindixuan.com+OR+inurl%3Abjhsthkj.com+OR+inurl%3Aavvsi.com+OR+inurl%3Akmlihunls.com+OR+inurl%3Ajytdance.com&tbm=nws,Not Found,0,
https://www.google.bj/search?q=inurl%3Abjmiaopu.com+OR+inurl%3Aybhuagong.com+OR+inurl%3Ayzdfjx.com+OR+inurl%3Aalfarooqs.com+OR+inurl%3Awookesh.com+OR+inurl%3Aahdqdq.com+OR+inurl%3Awmyjgds.com+OR+inurl%3Aabansuo.com&tbm=nws,Not Found,0,
https://www.google.bi/search?q=inurl%3Agzqumr.com+OR+inurl%3Azssjpt.com+OR+inurl%3Azjgelai.com+OR+inurl%3Adjskskjdl.com+OR+inurl%3Aclhggc.com+OR+inurl%3Axyaore.com+OR+inurl%3Axqbmfwzx.com+OR+inurl%3Acdouli.com&tbm=nws,Not Found,0,
https://www.google.com.bh/search?q=inurl%3Azzjinrun.com+OR+inurl%3Azkggca.com+OR+inurl%3Ahzyicmy.com+OR+inurl%3Azgjlbzmh.com+OR+inurl%3Ahsgjylc.com+OR+inurl%3Aziruyan.com+OR+inurl%3Ahbyytwj.com+OR+inurl%3Azgxsjl.com&tbm=nws,Not Found,0,
https://www.google.bg/search?q=inurl%3Acdblbl.com+OR+inurl%3Asanpacen.com+OR+inurl%3Abobaigdkj.com+OR+inurl%3Arunxuns.com+OR+inurl%3Aruisuoy.com+OR+inurl%3Abjcqazlvs.com+OR+inurl%3Aaidelifl.com+OR+inurl%3Aaqththzs.com&tbm=nws,Not Found,0,
https://www.google.be/search?q=inurl%3Atjriduo.com+OR+inurl%3Ahfwhys.com+OR+inurl%3Ataichikqf.com+OR+inurl%3Asxzmkhzx.com+OR+inurl%3Agszwedd.com+OR+inurl%3Assxdncy.com+OR+inurl%3Afdsbdnb.com+OR+inurl%3Asxhuien.com&tbm=nws,Not Found,0,
https://www.google.com.bn/search?q=inurl%3Awhbfhb.com+OR+inurl%3Aabaiying.com+OR+inurl%3Axindamfcl.com+OR+inurl%3Akunyangmll.com+OR+inurl%3Ajysbzw.com+OR+inurl%3Ajpbottles.com+OR+inurl%3Auxdevices.com+OR+inurl%3Aipznxo.com&tbm=nws,Not Found,0,
https://www.google.bf/search?q=inurl%3Adslbsyz.com+OR+inurl%3Asqtqez.com+OR+inurl%3Acrypmf.com+OR+inurl%3Acheyinmao.com+OR+inurl%3Asdyxxt.com+OR+inurl%3Acnwochen.com+OR+inurl%3Asixcrops.com+OR+inurl%3Arohhmusic.com&tbm=nws,Not Found,0,
https://www.google.bi/search?q=inurl%3Awdbailiwei.com+OR+inurl%3Anywlpf.com+OR+inurl%3Atzttzs.com+OR+inurl%3Aofeishuka.com+OR+inurl%3Atlfmyz.com+OR+inurl%3Anaxffwpt.com+OR+inurl%3Ataofenpu.com+OR+inurl%3Anjlhjmc.com&tbm=nws,Not Found,0,
https://www.google.com.bo/search?q=inurl%3Aicuiy.com+OR+inurl%3Awebpjb.com+OR+inurl%3Atrdakj.com+OR+inurl%3Ahfywhw.com+OR+inurl%3Ahsdyjc.com+OR+inurl%3Atiechebao.com+OR+inurl%3Ahnfuns.com+OR+inurl%3Ahnteruisi.com&tbm=nws,Not Found,0,
https://www.google.com.bh/search?q=inurl%3Ayzmzstudio.com+OR+inurl%3Aquanjiali.com+OR+inurl%3Aqsqso.com+OR+inurl%3Ayuxshop.com+OR+inurl%3Azjdancheng.com+OR+inurl%3Apzxdspa.com+OR+inurl%3Azjbjdq.com+OR+inurl%3Axdhenglish.com&tbm=nws,Not Found,0,
https://www.google.com.bo/search?q=inurl%3Alabtailinc.com+OR+inurl%3Alaowenju.com+OR+inurl%3Amorlishop.com+OR+inurl%3Alfshuma.com+OR+inurl%3Alinktekwin.com+OR+inurl%3Ajzsljy.com+OR+inurl%3Alinluyujia.com+OR+inurl%3Ajunqicaiwu.com&tbm=nws,Not Found,0,
https://www.google.bj/search?q=inurl%3Amysytz.com+OR+inurl%3Atangdeyan.com+OR+inurl%3Anjxrt.com+OR+inurl%3Asdycbgc.com+OR+inurl%3Anaikacq.com+OR+inurl%3Asaardat.com+OR+inurl%3Ameieast.com+OR+inurl%3Arunxinjs.com&tbm=nws,Not Found,0,
https://www.google.be/search?q=inurl%3Akpsmkorea.com+OR+inurl%3Ajianruiwl.com+OR+inurl%3Ajbsyt.com+OR+inurl%3Ajmfangzhi.com+OR+inurl%3Ahpggz.com+OR+inurl%3Ahnsizhiwei.com+OR+inurl%3Ajikahulian.com+OR+inurl%3Ahongxipcb.com&tbm=nws,Not Found,0,
https://www.google.com.bn/search?q=inurl%3Amenglcm.com+OR+inurl%3Aqiantaiqun.com+OR+inurl%3Alzsdzsw.com+OR+inurl%3Aqhzyys.com+OR+inurl%3Arehvip.com+OR+inurl%3Anjnorns.com+OR+inurl%3Alxsslyy.com+OR+inurl%3Aoushentent.com&tbm=nws,Not Found,0,
https://www.google.bf/search?q=inurl%3Ajjmstudios.com+OR+inurl%3Ahkyouzhaji.com+OR+inurl%3Ajiuhuohsw.com+OR+inurl%3Agylhlvshi.com+OR+inurl%3Ainstusic.com+OR+inurl%3Afuerconn.com+OR+inurl%3Ahxyjyb.com+OR+inurl%3Afkyzj.com&tbm=nws,Not Found,0,
https://www.google.bg/search?q=inurl%3Afujtegx.com+OR+inurl%3Ahhrtcdb.com+OR+inurl%3Aeyuhak.com+OR+inurl%3Ahersdq.com+OR+inurl%3Adoudouim.com+OR+inurl%3Acqlvtong.com+OR+inurl%3Ahmlantern.com+OR+inurl%3Axadajz.com&tbm=nws,Not Found,0,
https://www.google.com.bh/search?q=inurl%3Ahbqianzhuo.com+OR+inurl%3Asdlyjysj.com+OR+inurl%3Ahuifoltd.com+OR+inurl%3Ahnshanjia.com+OR+inurl%3Aniyaoche.com+OR+inurl%3Agsuoo.com+OR+inurl%3Agyctzzz.com+OR+inurl%3Alovewxl.com&tbm=nws,Not Found,0,
https://www.google.bi/search?q=inurl%3Agoucuiwang.com+OR+inurl%3Akmshjj.com+OR+inurl%3Agygcjxsc.com+OR+inurl%3Ajydthq.com+OR+inurl%3Agzchaomei.com+OR+inurl%3Agzxlysmc.com+OR+inurl%3Agbbxetn.com+OR+inurl%3Afysgj.com&tbm=nws,Not Found,0,
https://www.google.bj/search?q=inurl%3Afuyimeidq.com+OR+inurl%3Adiandiwu.com+OR+inurl%3Agdhuiliang.com+OR+inurl%3Abjylscps.com+OR+inurl%3Abdhanzheng.com+OR+inurl%3Aarsgrande.com+OR+inurl%3Agelimokuai.com+OR+inurl%3Aahaqnk.com&tbm=nws,Not Found,0,
