Query,Found_Dns
https://www.google.com.af/search?q=%20%20%20%20,"www.youtube.com,www.youtube.com,www.youtube.com,www.youtube.com,www.youtube.com,en.wiktionary.org"
https://www.google.com.af/search?q=%20%20%20%20,"www.youtube.com,www.youtube.com,www.youtube.com,www.youtube.com,www.youtube.com,www.youtube.com,www.youtube.com,en.wiktionary.org"
https://www.google.com.af/search?q=%20%20%20%20output_summary_file_path%20=%20output_sub_folder%20+%20Path_Slash%20+%20%20summary_file&start=00&gl=us,"docs.rs,crates.io"
https://www.google.com.af/search?q=%20%20%20%20,"www.youtube.com,www.youtube.com,www.youtube.com,www.youtube.com,www.youtube.com,www.youtube.com,www.youtube.com,en.wiktionary.org"
https://www.google.com.af/search?q=%20%20%20%20output_file_path%20=%20output_sub_folder%20+%20Path_Slash%20+%20output_file&start=00&gl=us,"stackoverflow.com,stackoverflow.com,stackoverflow.com,stackoverflow.com,stackoverflow.com,serverfault.com,careerkarma.com,forum.uipath.com,www.grainge.org,powerusers.microsoft.com,www.hackingarticles.in,www.mathworks.com,realpython.com,forum.image.sc"
https://www.google.com.af/search?q=%20%20%20%20sub_result_f%20=%20result_folder%20+%20Path_Slash%20+%20current_date%20+%20news_silo.csv&start=00&gl=us,
https://www.google.com.af/search?q=%20%20%20%20output_file%20=%20ScriptName%20+%20_output_%20+%20current_time%20+%20_XXX.csv&start=00&gl=us,"stackoverflow.com,stackoverflow.com,stackoverflow.com,stackoverflow.com,stackoverflow.com,social.technet.microsoft.com,docs.oracle.com,bookdown.org,spark.apache.org,www.sqlshack.com,unix.stackexchange.com,communities.vmware.com,communities.vmware.com"
https://www.google.com.af/search?q=%20%20%20%20summary_file%20=%20Summary_%20+%20current_time%20+%20.csv&start=00&gl=us,"support.10xgenomics.com,support.illumina.com,docs.snowflake.com,www.dotcom-monitor.com,stackoverflow.com,stackoverflow.com,www.quicktable.io,www.ncbi.nlm.nih.gov"
https://www.google.com.af/search?q=%20%20%20%20,"www.youtube.com,www.youtube.com,www.youtube.com,www.youtube.com,www.youtube.com,www.youtube.com,www.youtube.com,en.wiktionary.org"
https://www.google.com.af/search?q=%20%20%20%20if%20not%20os.path.exists(log_folder):&start=00&gl=us,"www.geeksforgeeks.org,www.tutorialspoint.com,www.guru99.com,github.com,snyk.io,medium.com,forums.vandyke.com,forum.step.esa.int,docs.openstack.org,www.programcreek.com"
https://www.google.com.af/search?q=%20%20%20%20%20%20%20%20os.mkdir(log_folder)&start=00&gl=us,"note.nkmk.me,www.geeksforgeeks.org,www.geeksforgeeks.org,stackoverflow.com,stackoverflow.com,stackoverflow.com,stackoverflow.com,stackoverflow.com,codereview.stackexchange.com,snyk.io,forums.vandyke.com,www.vandyke.com,github.com,github.com"
https://www.google.com.af/search?q=%20%20%20%20%20%20%20%20os.mkdir(log_sub_folder)&start=00&gl=us,"stackoverflow.com,stackoverflow.com,stackoverflow.com,stackoverflow.com,stackoverflow.com,www.geeksforgeeks.org,note.nkmk.me,www.tutorialspoint.com,www.kodeclik.com,github.com,github.com,javascript.hotexamples.com,www.endurox.org,linuxhint.com"
"https://www.google.com.af/search?q=%20%20%20%20temp_folder%20=%20os.path.join(ScriptPath,'temp')&start=00&gl=us","stackoverflow.com,stackoverflow.com,stackoverflow.com,stackoverflow.com,stackoverflow.com,docs.python.org,community.esri.com,learn.microsoft.com,enterprise.arcgis.com,python-forum.io,note.nkmk.me,www.earthdatascience.org,learn.foundry.com"
"https://www.google.com.af/search?q=%20%20%20%20log_folder%20=%20os.path.join(ScriptPath,'logs')&start=00&gl=us","stackoverflow.com,stackoverflow.com,stackoverflow.com,stackoverflow.com,stackoverflow.com,docs.python.org,careerkarma.com,enterprise.arcgis.com,forums.vandyke.com,note.nkmk.me,gis.stackexchange.com,learn.microsoft.com"
https://www.google.com.af/search?q=%20%20%20%20log_sub_folder%20=%20log_folder%20+%20Path_Slash%20+%20Log_%20+%20current_time&start=00&gl=us,"slash.readthedocs.io,github.com,github.com,stackoverflow.com,stackoverflow.com,stackoverflow.com,stackoverflow.com,stackoverflow.com,help.sumologic.com,superuser.com,help.accusoft.com,www.mathworks.com"
https://www.google.com.af/search?q=%20%20%20%20log_file_path%20=%20log_sub_folder%20+%20Path_Slash%20+%20log_file&start=00&gl=us,"stackoverflow.com,stackoverflow.com,stackoverflow.com,stackoverflow.com,stackoverflow.com,support.blackberry.com,www.alibabacloud.com,learn.microsoft.com,community.splunk.com,community.splunk.com,www.exim.org,www.ibm.com,unix.stackexchange.com,unix.stackexchange.com,unix.stackexchange.com,slash.readthedocs.io"
https://www.google.com.af/search?q=%20%20%20%20if%20not%20os.path.exists(log_sub_folder):&start=00&gl=us,"www.geeksforgeeks.org,docs.python.org,www.tutorialspoint.com,stackoverflow.com,stackoverflow.com,stackoverflow.com,stackoverflow.com,stackoverflow.com,tecadmin.net,www.freecodecamp.org,blog.gitnux.com,www.learndatasci.com"
https://www.google.com.af/search?q=%20%20%20%20log_file%20=%20ScriptName%20+%20_log_%20+%20current_time%20+%20_XXX.log&start=00&gl=us,"github.com,www3.ntu.edu.sg,community.unix.com,stackoverflow.com,stackoverflow.com,stackoverflow.com,stackoverflow.com,stackoverflow.com,www.ibm.com,wiki.dd-wrt.com,docs.oracle.com,trafodion.apache.org,wiki.mudlet.org"
https://www.google.com.af/search?q=%20%20%20%20log_sub_folder%20=%20log_folder%20+%20Path_Slash%20+%20Log_%20+%20current_time&start=00&gl=us,"slash.readthedocs.io,github.com,github.com,stackoverflow.com,stackoverflow.com,stackoverflow.com,stackoverflow.com,stackoverflow.com,help.sumologic.com,superuser.com,help.accusoft.com,www.mathworks.com"
https://www.google.com.af/search?q=%20%20%20%20%20%20%20%20os.mkdir(log_sub_folder)&start=00&gl=us,"stackoverflow.com,stackoverflow.com,stackoverflow.com,stackoverflow.com,stackoverflow.com,www.geeksforgeeks.org,note.nkmk.me,www.tutorialspoint.com,www.kodeclik.com,github.com,github.com,javascript.hotexamples.com,www.endurox.org,linuxhint.com"
https://www.google.com.af/search?q=%20%20%20%20if%20not%20os.path.exists(log_sub_folder):&start=00&gl=us,"www.geeksforgeeks.org,docs.python.org,www.tutorialspoint.com,stackoverflow.com,stackoverflow.com,stackoverflow.com,stackoverflow.com,stackoverflow.com,tecadmin.net,www.freecodecamp.org,blog.gitnux.com,www.learndatasci.com"
https://www.google.com.af/search?q=%20%20%20%20,"www.youtube.com,www.youtube.com,www.youtube.com,www.youtube.com,www.youtube.com,en.wiktionary.org"
https://www.google.com.af/search?q=%20%20%20%20Number_of_Scripts_to_run_parallel%20=%202&start=00&gl=us,
https://www.google.com.af/search?q=%20%20%20%20Batch_size%20=%201&start=00&gl=us,"www.reddit.com,stats.stackexchange.com,stats.stackexchange.com,stats.stackexchange.com,stats.stackexchange.com,stats.stackexchange.com,machinelearningmastery.com,www.baeldung.com,www.kaggle.com,pytorch.org,discuss.pytorch.org,wandb.ai,stackoverflow.com,stackoverflow.com,stackoverflow.com,stackoverflow.com,stackoverflow.com,rukshanpramoditha.medium.com"
https://www.google.com.af/search?q=%20%20%20%20GoogleUrls_Count%20=%201&start=00&gl=us,"www.seroundtable.com,www.seroundtable.com,moz.com,stackoverflow.com,stackoverflow.com,stackoverflow.com,stackoverflow.com,stackoverflow.com,webmasters.stackexchange.com,www.seoreviewtools.com"
https://www.google.com.af/search?q=%20%20%20%20GoogleFile_Path%20=%20ScriptPath%20+%20Path_Slash%20+%20GoogleUrls.csv&start=00&gl=us,"stackoverflow.com,stackoverflow.com,stackoverflow.com,stackoverflow.com,stackoverflow.com,www.googlecloudcommunity.com,www.highviewapps.com,www.youtube.com,www.youtube.com,webapps.stackexchange.com,googledrive.tidyverse.org"
